architecture_layers,condition,seed,train_size,ood_accuracy_mean,family,diagram_count,vertices_per_diagram,edges_per_diagram,loops_per_diagram,path_pairs_per_diagram,mean_loop_length,semantic_accuracy,prediction_consistency,identity_error,transport_error,holonomy_error,path_agreement_error,path_endpoint_error,edge_cka,activation_variance
2,low_diversity,0,512,0.6395,associativity_pentagon,96,5,8,1,1,5.0,0.5645833333333333,0.5729166666666666,0.5983960634661181,0.6149654025414246,0.15139646549093086,0.03505301475870191,1.0703314418656529,0.5246650576591492,0.9507154822349548
2,low_diversity,0,512,0.6395,commutativity_cube,96,8,24,6,5,4.0,0.5390625,0.6979166666666666,0.8228197179195482,0.8649616311039612,0.3239835874266975,0.08672219342492923,1.6038873280298567,0.3485023081302643,0.3521299362182617
2,low_diversity,0,512,0.6395,commutativity_involution,96,2,2,1,0,2.0,0.5885416666666666,0.6979166666666666,1.1467555861274321,1.1859808402685676,0.2661392456337084,nan,nan,0.19661684334278107,0.9460843205451965
2,low_diversity,0,512,0.6395,demorgan_and_square,96,4,4,1,0,4.0,0.4661458333333333,0.10416666666666667,1.7514474120624812,0.8061436161329543,0.48607576019212106,nan,nan,0.012914163060486317,0.9827319979667664
2,low_diversity,0,512,0.6395,demorgan_or_square,96,4,4,1,0,4.0,0.4401041666666667,0.22916666666666666,1.701365033977556,1.3894790213172576,0.8381982708311879,nan,nan,0.01909015141427517,0.8890156745910645
2,low_diversity,0,512,0.6395,distributivity_diamond,96,4,5,2,1,3.0,0.5885416666666666,0.3541666666666667,1.4487870650337444,1.1587332442386589,0.3227370482307568,0.451190217327978,1.2523962955507768,0.09889001399278641,0.9173577427864075
2,low_diversity,0,512,0.6395,double_negation,96,2,2,1,0,2.0,0.5260416666666666,0.3854166666666667,2.502396501508032,1.3810827753593742,0.5471282970843624,nan,nan,0.12568208575248718,0.9427338242530823
2,low_diversity,0,512,0.6395,exact1_hexagon,96,6,6,1,0,6.0,0.4600694444444444,0.17708333333333334,1.419669970125611,1.450302197462328,0.41608475076474805,nan,nan,0.08105400204658508,0.8948838710784912
2,low_diversity,0,512,0.6395,ite_expansion,96,2,2,1,0,2.0,0.5,0.4791666666666667,2.152190975830287,1.506064481604246,0.5937205118263602,nan,nan,0.02128985896706581,0.9716590046882629
2,low_diversity,0,512,0.6395,majority_duality,96,2,2,1,0,2.0,0.4427083333333333,0.65625,1.9876266533495446,1.4338863098290684,0.2795727574620872,nan,nan,0.023265060037374496,0.6934029459953308
2,low_diversity,0,512,0.6395,nary_and_hexagon,96,6,6,1,0,6.0,0.5486111111111112,0.6875,1.2630046850379535,1.5053263630133,1.3803466325657192,nan,nan,0.13398724794387817,0.3670627176761627
2,low_diversity,1,512,0.6355,associativity_pentagon,96,5,8,1,1,5.0,0.5604166666666667,0.5833333333333334,0.6355147272216788,0.6670870072397276,0.3926470849895035,0.08132814696899722,1.2118788474309286,0.4722653031349182,0.8928231596946716
2,low_diversity,1,512,0.6355,commutativity_cube,96,8,24,6,5,4.0,0.5690104166666666,0.34375,0.7110939127530291,0.7568043355153778,0.34996757081104996,0.13201429164630943,1.5897700314604548,0.4184134006500244,0.9056465029716492
2,low_diversity,1,512,0.6355,commutativity_involution,96,2,2,1,0,2.0,0.5729166666666666,0.6041666666666666,1.6214496306243373,1.6391791223239318,0.3460666493389106,nan,nan,0.028314756229519844,0.8782547116279602
2,low_diversity,1,512,0.6355,demorgan_and_square,96,4,4,1,0,4.0,0.5182291666666666,0.041666666666666664,1.9052899043673148,0.4028433522588093,0.28463373616462967,nan,nan,0.001735973870381713,0.9794392585754395
2,low_diversity,1,512,0.6355,demorgan_or_square,96,4,4,1,0,4.0,0.5052083333333334,0.2708333333333333,1.729298775016677,1.1955325811791702,0.3896743075577826,nan,nan,0.01832253485918045,0.7964494228363037
2,low_diversity,1,512,0.6355,distributivity_diamond,96,4,5,2,1,3.0,0.5703125,0.19791666666666666,1.716928608462637,1.1644081667207127,0.457827263453449,0.5745518661618451,1.079104566807004,0.019597023725509644,0.9188340306282043
2,low_diversity,1,512,0.6355,double_negation,96,2,2,1,0,2.0,0.5208333333333334,0.4583333333333333,2.2526942355844195,1.5938008378367763,0.7266949851715435,nan,nan,0.048490602523088455,0.9355848431587219
2,low_diversity,1,512,0.6355,exact1_hexagon,96,6,6,1,0,6.0,0.5590277777777778,0.2604166666666667,1.153679957175719,1.183926449147911,0.39848733644199774,nan,nan,0.16749557852745056,0.8431992530822754
2,low_diversity,1,512,0.6355,ite_expansion,96,2,2,1,0,2.0,0.5520833333333334,0.4166666666666667,2.5314286192805,1.2172602337475582,0.6488046268889663,nan,nan,0.18413366377353668,0.9183099865913391
2,low_diversity,1,512,0.6355,majority_duality,96,2,2,1,0,2.0,0.4791666666666667,0.5625,2.2532160650400113,1.3001750990190857,0.8999293878966814,nan,nan,0.09304898977279663,0.7696822285652161
2,low_diversity,1,512,0.6355,nary_and_hexagon,96,6,6,1,0,6.0,0.4982638888888889,0.9270833333333334,1.307364452159862,1.39458243350133,1.445530640929998,nan,nan,0.08444259315729141,0.11513713002204895
2,low_diversity,2,512,0.6285000000000001,associativity_pentagon,96,5,8,1,1,5.0,0.5041666666666667,0.4791666666666667,0.8422028800982819,0.8826473381155003,0.39981730643947666,0.10441164260554223,1.7608731769244967,0.30972787737846375,0.8755044937133789
2,low_diversity,2,512,0.6285000000000001,commutativity_cube,96,8,24,6,5,4.0,0.5260416666666666,0.3333333333333333,0.8612291639099963,0.910826228621875,0.37264365466851584,0.16565466791806507,1.8491619177827963,0.3177073895931244,0.8269783854484558
2,low_diversity,2,512,0.6285000000000001,commutativity_involution,96,2,2,1,0,2.0,0.5885416666666666,0.65625,1.4758951811502585,1.503611690716159,0.3285954627754177,nan,nan,0.07810083031654358,0.8694879412651062
2,low_diversity,2,512,0.6285000000000001,demorgan_and_square,96,4,4,1,0,4.0,0.4609375,0.13541666666666666,1.7016183065705799,1.0105291105963594,1.6199337498568505,nan,nan,0.020716728642582893,0.9548988342285156
2,low_diversity,2,512,0.6285000000000001,demorgan_or_square,96,4,4,1,0,4.0,0.4791666666666667,0.4895833333333333,1.5256857265183013,1.5312233001408992,1.0665540728453158,nan,nan,0.0507173053920269,0.7147567868232727
2,low_diversity,2,512,0.6285000000000001,distributivity_diamond,96,4,5,2,1,3.0,0.5520833333333334,0.09375,1.9083137179422258,1.1119457674375004,0.44873584274464595,0.6407010694472524,1.1444266475408473,0.005749250762164593,0.9493613243103027
2,low_diversity,2,512,0.6285000000000001,double_negation,96,2,2,1,0,2.0,0.5572916666666666,0.46875,2.336526171466552,1.4610108568193623,0.8225138410132024,nan,nan,0.07394832372665405,0.9223976135253906
2,low_diversity,2,512,0.6285000000000001,exact1_hexagon,96,6,6,1,0,6.0,0.4930555555555556,0.16666666666666666,1.4094524791064817,1.4704661179503726,0.5592180312389858,nan,nan,0.07768448442220688,0.9380245208740234
2,low_diversity,2,512,0.6285000000000001,ite_expansion,96,2,2,1,0,2.0,0.4322916666666667,0.5104166666666666,2.31186681276829,1.42123732416172,1.4910174030219563,nan,nan,0.06501299142837524,0.8852213025093079
2,low_diversity,2,512,0.6285000000000001,majority_duality,96,2,2,1,0,2.0,0.4791666666666667,0.7083333333333334,1.4642238066327198,1.4659566156465014,0.4084709712824044,nan,nan,0.07685170322656631,0.770434558391571
2,low_diversity,2,512,0.6285000000000001,nary_and_hexagon,96,6,6,1,0,6.0,0.5972222222222222,0.3541666666666667,1.343857854854234,1.413189015814964,0.8000012123742926,nan,nan,0.1069687232375145,0.7134990692138672
2,higher_diversity,0,12000,0.664,associativity_pentagon,96,5,8,1,1,5.0,0.5979166666666667,0.6354166666666666,0.5110397091845367,0.5582996995222005,0.4868278414958454,0.12320482109340289,1.0621467663803927,0.5901512503623962,0.6971271634101868
2,higher_diversity,0,12000,0.664,commutativity_cube,96,8,24,6,5,4.0,0.5833333333333334,0.3541666666666667,0.6087520100366032,0.6824382478395867,0.45781875623190443,0.1920099723547646,1.4940095004750025,0.4885057806968689,0.7618271708488464
2,higher_diversity,0,12000,0.664,commutativity_involution,96,2,2,1,0,2.0,0.6614583333333334,0.6979166666666666,1.1309818007210202,1.1796019478147732,0.544807161416555,nan,nan,0.27168840169906616,0.8151443004608154
2,higher_diversity,0,12000,0.664,demorgan_and_square,96,4,4,1,0,4.0,0.546875,0.4791666666666667,1.647021485892588,0.756410540840163,0.2875068813033191,nan,nan,0.023536477237939835,0.39346227049827576
2,higher_diversity,0,12000,0.664,demorgan_or_square,96,4,4,1,0,4.0,0.5598958333333334,0.40625,1.6041800680900327,0.9991028777212366,0.7855344673985063,nan,nan,0.04135240614414215,0.3700424134731293
2,higher_diversity,0,12000,0.664,distributivity_diamond,96,4,5,2,1,3.0,0.5651041666666666,0.3854166666666667,1.2381024391265898,1.0367991433608195,0.5678332627343506,0.7700383381098812,1.1814194905784805,0.20731154084205627,0.8367007374763489
2,higher_diversity,0,12000,0.664,double_negation,96,2,2,1,0,2.0,0.5364583333333334,0.40625,2.5001001258335673,1.2684553127123808,0.9616677781881802,nan,nan,0.19883251190185547,0.644559383392334
2,higher_diversity,0,12000,0.664,exact1_hexagon,96,6,6,1,0,6.0,0.5416666666666666,0.2604166666666667,0.9678607590845846,1.1112504719882628,1.3289353556881118,nan,nan,0.3108918368816376,0.1480865478515625
2,higher_diversity,0,12000,0.664,ite_expansion,96,2,2,1,0,2.0,0.578125,0.6145833333333334,1.6588283112346363,1.2327251783580202,0.8415808635045211,nan,nan,0.19712528586387634,0.8574292063713074
2,higher_diversity,0,12000,0.664,majority_duality,96,2,2,1,0,2.0,0.5677083333333334,0.5729166666666666,2.580780508917523,0.9357959924047982,0.14773766912784703,nan,nan,0.6336597204208374,0.38426709175109863
2,higher_diversity,0,12000,0.664,nary_and_hexagon,96,6,6,1,0,6.0,0.5833333333333334,0.6666666666666666,0.842210713460168,0.9584797959800126,1.1631296215374192,nan,nan,0.4005148410797119,0.48204293847084045
2,higher_diversity,1,12000,0.6705000000000001,associativity_pentagon,96,5,8,1,1,5.0,0.58125,0.59375,0.46733263051869206,0.5233772280562753,0.4940369486510046,0.09856220040191209,1.0998717206085586,0.5972118377685547,0.8221036195755005
2,higher_diversity,1,12000,0.6705000000000001,commutativity_cube,96,8,24,6,5,4.0,0.5885416666666666,0.375,0.5816812315572009,0.6510717905372042,0.47192570935322825,0.1761297961359472,1.444388547854923,0.4971105754375458,0.8328781127929688
2,higher_diversity,1,12000,0.6705000000000001,commutativity_involution,96,2,2,1,0,2.0,0.7291666666666666,0.6875,1.1320125522661117,1.2033044047032595,0.5976921725459938,nan,nan,0.2399233877658844,0.8709508776664734
2,higher_diversity,1,12000,0.6705000000000001,demorgan_and_square,96,4,4,1,0,4.0,0.5286458333333334,0.4895833333333333,1.4742904050490195,0.867636607508611,0.242488595296512,nan,nan,0.05830497294664383,0.43472322821617126
2,higher_diversity,1,12000,0.6705000000000001,demorgan_or_square,96,4,4,1,0,4.0,0.4739583333333333,0.1875,1.473795595596507,1.067672153023603,0.8543756706290837,nan,nan,0.06398860365152359,0.5310502648353577
2,higher_diversity,1,12000,0.6705000000000001,distributivity_diamond,96,4,5,2,1,3.0,0.6119791666666666,0.4166666666666667,1.0555290105874393,1.0239016176379816,0.5054952154455961,0.6594189637677345,1.0729983813809263,0.2670125663280487,0.9091486930847168
2,higher_diversity,1,12000,0.6705000000000001,double_negation,96,2,2,1,0,2.0,0.578125,0.4895833333333333,2.339349563142859,1.2789474387872801,1.121539778041989,nan,nan,0.17253972589969635,0.6715205311775208
2,higher_diversity,1,12000,0.6705000000000001,exact1_hexagon,96,6,6,1,0,6.0,0.5625,0.3854166666666667,0.6775419113771314,0.7643146345568148,1.3414863850389236,nan,nan,0.6319129467010498,0.1786515861749649
2,higher_diversity,1,12000,0.6705000000000001,ite_expansion,96,2,2,1,0,2.0,0.5625,0.5833333333333334,1.6322874790715562,1.3543769502134577,0.6337149737988916,nan,nan,0.08999225497245789,0.8956432342529297
2,higher_diversity,1,12000,0.6705000000000001,majority_duality,96,2,2,1,0,2.0,0.5208333333333334,0.4791666666666667,2.0827682454407577,0.9705166063679946,0.1585447128293152,nan,nan,0.3551546335220337,0.45031699538230896
2,higher_diversity,1,12000,0.6705000000000001,nary_and_hexagon,96,6,6,1,0,6.0,0.5677083333333334,0.4791666666666667,0.9777105965714533,1.0724298432833457,1.2394800323105506,nan,nan,0.2566870450973511,0.6116766333580017
2,higher_diversity,2,12000,0.652,associativity_pentagon,96,5,8,1,1,5.0,0.66875,0.6145833333333334,0.4393296286760666,0.49479250821577575,0.4432651185453534,0.10100958175375431,0.9814570967135621,0.6296263337135315,0.8209103941917419
2,higher_diversity,2,12000,0.652,commutativity_cube,96,8,24,6,5,4.0,0.5221354166666666,0.3541666666666667,0.592670928715858,0.6501025857808821,0.38895345598911485,0.11603950711904894,1.4198572346587672,0.4902031123638153,0.7799415588378906
2,higher_diversity,2,12000,0.652,commutativity_involution,96,2,2,1,0,2.0,0.6770833333333334,0.625,1.1477949668306062,1.2070681423276999,0.6444911682899963,nan,nan,0.2374630570411682,0.8517241477966309
2,higher_diversity,2,12000,0.652,demorgan_and_square,96,4,4,1,0,4.0,0.53125,0.3541666666666667,1.5025530151234212,0.9021803316720352,0.5924671211319505,nan,nan,0.052781932055950165,0.3185522258281708
2,higher_diversity,2,12000,0.652,demorgan_or_square,96,4,4,1,0,4.0,0.4973958333333333,0.2708333333333333,1.398622581920839,1.1004673418468418,0.48651170131777005,nan,nan,0.08815564215183258,0.47295883297920227
2,higher_diversity,2,12000,0.652,distributivity_diamond,96,4,5,2,1,3.0,0.6458333333333334,0.3854166666666667,1.2952494673904662,1.012518927060212,0.5570236825766589,0.7216794099083516,1.0054789238974984,0.1856539398431778,0.8480485081672668
2,higher_diversity,2,12000,0.652,double_negation,96,2,2,1,0,2.0,0.5989583333333334,0.4270833333333333,2.355940628096147,1.2370781086590972,0.970951106162373,nan,nan,0.168288454413414,0.6821152567863464
2,higher_diversity,2,12000,0.652,exact1_hexagon,96,6,6,1,0,6.0,0.5538194444444444,0.4166666666666667,0.8376652410251464,0.9345551699413632,0.8969364905501539,nan,nan,0.3912559747695923,0.15232808887958527
2,higher_diversity,2,12000,0.652,ite_expansion,96,2,2,1,0,2.0,0.5364583333333334,0.59375,1.9091307929269807,1.3225176228138469,0.8395933624212115,nan,nan,0.23270326852798462,0.6837377548217773
2,higher_diversity,2,12000,0.652,majority_duality,96,2,2,1,0,2.0,0.5677083333333334,0.4479166666666667,1.9921400542230738,1.1406149369749712,0.37325941404612534,nan,nan,0.3655529320240021,0.4280621111392975
2,higher_diversity,2,12000,0.652,nary_and_hexagon,96,6,6,1,0,6.0,0.5763888888888888,0.6666666666666666,0.9500734590093254,1.0693012800547277,1.1498356669828385,nan,nan,0.30491340160369873,0.48914629220962524
4,low_diversity,0,512,0.6465000000000001,associativity_pentagon,96,5,8,1,1,5.0,0.5729166666666666,0.75,0.4872598744800118,0.49953150829326826,0.1623550524164725,0.02290420159390248,0.7946172008187894,0.5867392420768738,0.7397706508636475
4,low_diversity,0,512,0.6465000000000001,commutativity_cube,96,8,24,6,5,4.0,0.51171875,0.4583333333333333,0.8269788528352006,0.8495960321423927,0.1613825861341623,0.05148315638575518,1.6041094035160879,0.33791622519493103,0.6452601552009583
4,low_diversity,0,512,0.6465000000000001,commutativity_involution,96,2,2,1,0,2.0,0.6302083333333334,0.6770833333333334,1.3611281040416494,1.3736334435891149,0.16669235736263363,nan,nan,0.10035069286823273,0.8524634838104248
4,low_diversity,0,512,0.6465000000000001,demorgan_and_square,96,4,4,1,0,4.0,0.4739583333333333,0.07291666666666667,1.8066019676291494,0.5758031459094128,0.42251283652852406,nan,nan,0.005462372209876776,0.9766883254051208
4,low_diversity,0,512,0.6465000000000001,demorgan_or_square,96,4,4,1,0,4.0,0.4244791666666667,0.40625,1.3904613204143363,1.1719184335073203,0.25155217380066264,nan,nan,0.08842849731445312,0.8390008807182312
4,low_diversity,0,512,0.6465000000000001,distributivity_diamond,96,4,5,2,1,3.0,0.5625,0.3020833333333333,1.5198218677907214,0.9420969236368534,0.15741747896933378,0.2466817903100835,1.0720782708794134,0.065080925822258,0.9777777194976807
4,low_diversity,0,512,0.6465000000000001,double_negation,96,2,2,1,0,2.0,0.5,0.375,2.374298081355276,1.7260382642480145,2.0098679323533504,nan,nan,0.07320917397737503,0.9797391891479492
4,low_diversity,0,512,0.6465000000000001,exact1_hexagon,96,6,6,1,0,6.0,0.4982638888888889,0.25,1.1955267618428038,1.2272397528937498,0.429422845882589,nan,nan,0.15210792422294617,0.8973548412322998
4,low_diversity,0,512,0.6465000000000001,ite_expansion,96,2,2,1,0,2.0,0.5625,0.4791666666666667,1.9786446636681025,1.3652672122907445,0.4778298590030236,nan,nan,0.01459344569593668,0.9360944628715515
4,low_diversity,0,512,0.6465000000000001,majority_duality,96,2,2,1,0,2.0,0.4895833333333333,0.4166666666666667,2.392920706341977,1.0706548344507627,0.17191538332500395,nan,nan,0.08829911053180695,0.8935394287109375
4,low_diversity,0,512,0.6465000000000001,nary_and_hexagon,96,6,6,1,0,6.0,0.5347222222222222,0.7916666666666666,1.3555118961502448,1.4296373546218422,1.1463169555793442,nan,nan,0.07434593141078949,0.25227150321006775
4,low_diversity,1,512,0.639,associativity_pentagon,96,5,8,1,1,5.0,0.5791666666666667,0.6354166666666666,0.4745276708097357,0.49840983320944354,0.3998403707218298,0.057949422960733965,0.8275860829880265,0.5989127159118652,0.9147908687591553
4,low_diversity,1,512,0.639,commutativity_cube,96,8,24,6,5,4.0,0.59375,0.4479166666666667,0.616087691130183,0.655151804281579,0.29410894493739415,0.09583633922299645,1.4311076817093469,0.4759412109851837,0.7885103821754456
4,low_diversity,1,512,0.639,commutativity_involution,96,2,2,1,0,2.0,0.609375,0.59375,1.3654508691340599,1.386650704587979,0.26789592277137736,nan,nan,0.09826578944921494,0.9498608112335205
4,low_diversity,1,512,0.639,demorgan_and_square,96,4,4,1,0,4.0,0.5286458333333334,0.041666666666666664,1.8726243008687469,0.33955678092463154,0.1875345956005247,nan,nan,0.002021414926275611,0.9725112318992615
4,low_diversity,1,512,0.639,demorgan_or_square,96,4,4,1,0,4.0,0.4765625,0.09375,1.7455831275039915,0.8625080274620913,0.32950306523280126,nan,nan,0.010872764512896538,0.9410284161567688
4,low_diversity,1,512,0.639,distributivity_diamond,96,4,5,2,1,3.0,0.5625,0.3229166666666667,1.441587729802079,1.1236451412831816,0.32438121151120647,0.34451928232114865,1.152555457811448,0.07905951887369156,0.8891646862030029
4,low_diversity,1,512,0.639,double_negation,96,2,2,1,0,2.0,0.5729166666666666,0.4791666666666667,2.1717269047727776,1.637300315243543,0.8864256125794953,nan,nan,0.026599619537591934,0.9700787663459778
4,low_diversity,1,512,0.639,exact1_hexagon,96,6,6,1,0,6.0,0.5399305555555556,0.28125,1.0242438911247604,1.0707684138150335,0.5425558055744212,nan,nan,0.23157508671283722,0.8807775974273682
4,low_diversity,1,512,0.639,ite_expansion,96,2,2,1,0,2.0,0.5677083333333334,0.46875,2.0967188721220817,1.5833355168545902,1.029582515628869,nan,nan,0.03238324448466301,0.9186599850654602
4,low_diversity,1,512,0.639,majority_duality,96,2,2,1,0,2.0,0.484375,0.5104166666666666,2.407173394175346,0.9584680537666338,0.345925312528715,nan,nan,0.1742251068353653,0.7492092251777649
4,low_diversity,1,512,0.639,nary_and_hexagon,96,6,6,1,0,6.0,0.5104166666666666,0.8541666666666666,1.3766829751846017,1.46450856059449,1.4794949742466807,nan,nan,0.05142701417207718,0.15840592980384827
4,low_diversity,2,512,0.6305000000000001,associativity_pentagon,96,5,8,1,1,5.0,0.55625,0.6041666666666666,0.8160731759611597,0.846879988126109,0.3397480455806715,0.07770418325477227,1.3849732148884288,0.3338853418827057,0.7685598731040955
4,low_diversity,2,512,0.6305000000000001,commutativity_cube,96,8,24,6,5,4.0,0.5703125,0.3958333333333333,0.7848835633251005,0.81914930726472,0.28399361966919107,0.09819788836041422,1.8839672667982803,0.370760053396225,0.8161996006965637
4,low_diversity,2,512,0.6305000000000001,commutativity_involution,96,2,2,1,0,2.0,0.5729166666666666,0.6875,1.3204251897736266,1.3511548675632625,0.2727494819852062,nan,nan,0.11932191997766495,0.8819546699523926
4,low_diversity,2,512,0.6305000000000001,demorgan_and_square,96,4,4,1,0,4.0,0.46875,0.052083333333333336,1.8920213102862409,0.5357923786663897,0.9005764825815431,nan,nan,0.0015506811905652285,0.9792675375938416
4,low_diversity,2,512,0.6305000000000001,demorgan_or_square,96,4,4,1,0,4.0,0.4296875,0.4375,1.3563862218711171,1.3813620422083523,1.1436738040655035,nan,nan,0.10092896968126297,0.7883972525596619
4,low_diversity,2,512,0.6305000000000001,distributivity_diamond,96,4,5,2,1,3.0,0.546875,0.19791666666666666,1.7475722819566053,1.0468442320440812,0.2344187829393103,0.3013649015140342,1.0710133877202646,0.01882397010922432,0.9622435569763184
4,low_diversity,2,512,0.6305000000000001,double_negation,96,2,2,1,0,2.0,0.59375,0.4583333333333333,2.1253223875788363,1.6311921141057657,0.9691132127145051,nan,nan,0.02046985737979412,0.9374455809593201
4,low_diversity,2,512,0.6305000000000001,exact1_hexagon,96,6,6,1,0,6.0,0.4895833333333333,0.20833333333333334,1.3120759463469511,1.361694973184059,0.506338918014833,nan,nan,0.10760547965765,0.947941780090332
4,low_diversity,2,512,0.6305000000000001,ite_expansion,96,2,2,1,0,2.0,0.484375,0.4895833333333333,2.349525430188831,1.4552373751148744,0.5567394797690873,nan,nan,0.059581950306892395,0.8577540516853333
4,low_diversity,2,512,0.6305000000000001,majority_duality,96,2,2,1,0,2.0,0.484375,0.65625,1.509001717422675,1.3342647322067158,0.22376822519044345,nan,nan,0.058095794171094894,0.8312961459159851
4,low_diversity,2,512,0.6305000000000001,nary_and_hexagon,96,6,6,1,0,6.0,0.6197916666666666,0.4375,1.249584498438423,1.318718302404094,0.8051792858522346,nan,nan,0.13676166534423828,0.6713408827781677
4,higher_diversity,0,12000,0.6625000000000001,associativity_pentagon,96,5,8,1,1,5.0,0.59375,0.5729166666666666,0.4380396743193277,0.5159703471453926,0.5946035675851779,0.1346080855724814,1.0251689866443818,0.6495629549026489,0.8272636532783508
4,higher_diversity,0,12000,0.6625000000000001,commutativity_cube,96,8,24,6,5,4.0,0.5377604166666666,0.3958333333333333,0.540221304894367,0.6140400542076814,0.46193831668609486,0.1704869535168937,1.38620453477517,0.5487802028656006,0.7763087153434753
4,higher_diversity,0,12000,0.6625000000000001,commutativity_involution,96,2,2,1,0,2.0,0.703125,0.7604166666666666,0.9647834356748772,1.0805667466759157,0.677249282720086,nan,nan,0.4163559377193451,0.831071674823761
4,higher_diversity,0,12000,0.6625000000000001,demorgan_and_square,96,4,4,1,0,4.0,0.6302083333333334,0.4270833333333333,1.3781146676044966,1.102625198477738,0.776856705393608,nan,nan,0.10928291827440262,0.6973752975463867
4,higher_diversity,0,12000,0.6625000000000001,demorgan_or_square,96,4,4,1,0,4.0,0.5572916666666666,0.3125,1.3484350377641614,1.178090048458537,1.1518457251763246,nan,nan,0.11644258350133896,0.7831385731697083
4,higher_diversity,0,12000,0.6625000000000001,distributivity_diamond,96,4,5,2,1,3.0,0.6510416666666666,0.4166666666666667,1.212336345927482,1.1332737371867359,0.6819472135591405,0.8612458357199065,1.154733050935265,0.2226472795009613,0.8477969169616699
4,higher_diversity,0,12000,0.6625000000000001,double_negation,96,2,2,1,0,2.0,0.6354166666666666,0.5208333333333334,2.132545722292688,1.2631368889091408,0.8492519147177408,nan,nan,0.12362238019704819,0.8603881001472473
4,higher_diversity,0,12000,0.6625000000000001,exact1_hexagon,96,6,6,1,0,6.0,0.5451388888888888,0.1875,1.0732222708200603,1.205463561263544,1.2838675116901646,nan,nan,0.17793595790863037,0.6934019923210144
4,higher_diversity,0,12000,0.6625000000000001,ite_expansion,96,2,2,1,0,2.0,0.5833333333333334,0.625,1.5945609535428062,1.3875396079244753,1.0008976823983884,nan,nan,0.11771861463785172,0.8357351422309875
4,higher_diversity,0,12000,0.6625000000000001,majority_duality,96,2,2,1,0,2.0,0.5572916666666666,0.4895833333333333,1.8355487298986717,1.3832098423238628,0.7495560395494818,nan,nan,0.08119075745344162,0.7334210276603699
4,higher_diversity,0,12000,0.6625000000000001,nary_and_hexagon,96,6,6,1,0,6.0,0.6336805555555556,0.4895833333333333,0.8245285946886306,0.9476638683510813,0.966279807714079,nan,nan,0.4383006989955902,0.6923378705978394
4,higher_diversity,1,12000,0.658,associativity_pentagon,96,5,8,1,1,5.0,0.5708333333333333,0.5833333333333334,0.5808523613528043,0.641993537558066,0.5140816570162665,0.12892258269717297,1.2107997503894894,0.47862508893013,0.6589720249176025
4,higher_diversity,1,12000,0.658,commutativity_cube,96,8,24,6,5,4.0,0.5859375,0.4791666666666667,0.5156190384997438,0.5784422872927646,0.4086206200251371,0.14568539152099902,1.1728244783823232,0.5659539699554443,0.7615926265716553
4,higher_diversity,1,12000,0.658,commutativity_involution,96,2,2,1,0,2.0,0.6822916666666666,0.8020833333333334,1.1043953537515658,1.1741060357368402,0.6621355582130486,nan,nan,0.30142098665237427,0.768632173538208
4,higher_diversity,1,12000,0.658,demorgan_and_square,96,4,4,1,0,4.0,0.5729166666666666,0.22916666666666666,1.458097392116181,1.0291229235848764,0.942250392948988,nan,nan,0.07004494965076447,0.6114440560340881
4,higher_diversity,1,12000,0.658,demorgan_or_square,96,4,4,1,0,4.0,0.5755208333333334,0.3541666666666667,1.335996391872128,1.3251592513922168,1.3769186468242716,nan,nan,0.11641323566436768,0.6055008769035339
4,higher_diversity,1,12000,0.658,distributivity_diamond,96,4,5,2,1,3.0,0.6302083333333334,0.3541666666666667,1.2312271811500277,1.1569018550964356,0.8860654927385431,1.0254975805905018,1.2462080475912372,0.19930002093315125,0.8454089760780334
4,higher_diversity,1,12000,0.658,double_negation,96,2,2,1,0,2.0,0.640625,0.5104166666666666,1.945791837356839,1.385025509451849,0.6375433679202822,nan,nan,0.09507367014884949,0.8464410901069641
4,higher_diversity,1,12000,0.658,exact1_hexagon,96,6,6,1,0,6.0,0.5520833333333334,0.3020833333333333,0.9420367694041286,1.0438075635705821,1.1161923760770824,nan,nan,0.27248746156692505,0.5247842073440552
4,higher_diversity,1,12000,0.658,ite_expansion,96,2,2,1,0,2.0,0.5260416666666666,0.59375,1.6843560941080986,1.3719853627124339,0.7977670830520235,nan,nan,0.1045316830277443,0.8821375370025635
4,higher_diversity,1,12000,0.658,majority_duality,96,2,2,1,0,2.0,0.578125,0.5520833333333334,1.6931053182974158,1.4617888639382024,0.641179431055595,nan,nan,0.04067527875304222,0.6415667533874512
4,higher_diversity,1,12000,0.658,nary_and_hexagon,96,6,6,1,0,6.0,0.578125,0.6458333333333334,0.8618473604213575,0.9787644186111232,1.033757867766521,nan,nan,0.3746669292449951,0.4966917037963867
4,higher_diversity,2,12000,0.652,associativity_pentagon,96,5,8,1,1,5.0,0.6833333333333333,0.5208333333333334,0.6020998043024924,0.6593608582181469,0.5025363048041602,0.11026976427097789,1.0237730735947326,0.4711582362651825,0.7975540161132812
4,higher_diversity,2,12000,0.652,commutativity_cube,96,8,24,6,5,4.0,0.61328125,0.4479166666666667,0.525952781617283,0.5765746469572148,0.324531987148721,0.10170195130099284,1.3600852331323106,0.5570029616355896,0.7843451499938965
4,higher_diversity,2,12000,0.652,commutativity_involution,96,2,2,1,0,2.0,0.7239583333333334,0.7395833333333334,0.9875024676053028,1.036411568199002,0.4840267972925379,nan,nan,0.35237917304039,0.8694269061088562
4,higher_diversity,2,12000,0.652,demorgan_and_square,96,4,4,1,0,4.0,0.5885416666666666,0.4583333333333333,1.4071852786551715,1.1007347419018634,1.4736567501843052,nan,nan,0.08664959669113159,0.6423571705818176
4,higher_diversity,2,12000,0.652,demorgan_or_square,96,4,4,1,0,4.0,0.6041666666666666,0.28125,1.3124331412106511,1.2468217778585962,0.9422900659560131,nan,nan,0.12595337629318237,0.8017532229423523
4,higher_diversity,2,12000,0.652,distributivity_diamond,96,4,5,2,1,3.0,0.6458333333333334,0.4166666666666667,1.1687281330459305,0.9785763831766169,0.5319652397922155,0.5824682762263451,1.0613862485132557,0.22461166977882385,0.8898301124572754
4,higher_diversity,2,12000,0.652,double_negation,96,2,2,1,0,2.0,0.578125,0.4895833333333333,2.1514387721927393,1.3372286234487667,0.7669926601492795,nan,nan,0.07925023883581161,0.865872859954834
4,higher_diversity,2,12000,0.652,exact1_hexagon,96,6,6,1,0,6.0,0.5243055555555556,0.25,1.0183229086618473,1.1265495811267052,1.2277758858705035,nan,nan,0.2355630248785019,0.7810190916061401
4,higher_diversity,2,12000,0.652,ite_expansion,96,2,2,1,0,2.0,0.5833333333333334,0.6666666666666666,1.6233458747733425,1.3661705020156352,0.8013800231308063,nan,nan,0.12061707675457001,0.8038079142570496
4,higher_diversity,2,12000,0.652,majority_duality,96,2,2,1,0,2.0,0.5364583333333334,0.5520833333333334,1.8240580729267235,1.4670428279839236,0.6649397955445272,nan,nan,0.06302110105752945,0.7362115979194641
4,higher_diversity,2,12000,0.652,nary_and_hexagon,96,6,6,1,0,6.0,0.6128472222222222,0.625,0.8703186513004904,0.9905798163624862,0.9882604875278446,nan,nan,0.36390843987464905,0.5659077167510986
6,low_diversity,0,512,0.639,associativity_pentagon,96,5,8,1,1,5.0,0.575,0.8645833333333334,0.437847020594091,0.4510142427840917,0.2478771957669637,0.024462461493335735,0.6991474789636319,0.6082374453544617,0.4336055815219879
6,low_diversity,0,512,0.639,commutativity_cube,96,8,24,6,5,4.0,0.5286458333333334,0.40625,0.7960212570131459,0.8137119934225275,0.1402948023595132,0.038430436465498936,1.7458530215445645,0.36146047711372375,0.8446398377418518
6,low_diversity,0,512,0.639,commutativity_involution,96,2,2,1,0,2.0,0.59375,0.7291666666666666,1.4746865071605795,1.4977248665309315,0.17530959434396626,nan,nan,0.05463184416294098,0.6722409129142761
6,low_diversity,0,512,0.639,demorgan_and_square,96,4,4,1,0,4.0,0.4765625,0.08333333333333333,1.7424907859120236,0.5036129766289617,0.1870517378571803,nan,nan,0.009848964400589466,0.9874093532562256
6,low_diversity,0,512,0.639,demorgan_or_square,96,4,4,1,0,4.0,0.40625,0.5416666666666666,1.1804997575907688,0.9414809204231027,0.23134514137165388,nan,nan,0.16494055092334747,0.7672603726387024
6,low_diversity,0,512,0.639,distributivity_diamond,96,4,5,2,1,3.0,0.5729166666666666,0.2916666666666667,1.5635553703895482,0.9116678648331772,0.10658074341566134,0.13110315016386864,1.0638021097433576,0.04825713112950325,0.9374341368675232
6,low_diversity,0,512,0.639,double_negation,96,2,2,1,0,2.0,0.5416666666666666,0.5,1.9585172379494409,1.7438119599649122,0.6192005688937983,nan,nan,0.00664133857935667,0.9895222783088684
6,low_diversity,0,512,0.639,exact1_hexagon,96,6,6,1,0,6.0,0.5052083333333334,0.28125,1.1499469482060787,1.1855390001350459,0.4912731071927342,nan,nan,0.15997251868247986,0.8864860534667969
6,low_diversity,0,512,0.639,ite_expansion,96,2,2,1,0,2.0,0.5677083333333334,0.6145833333333334,1.5336626063612286,1.2704646352338647,0.3432510418068599,nan,nan,0.06709480285644531,0.9747695326805115
6,low_diversity,0,512,0.639,majority_duality,96,2,2,1,0,2.0,0.4947916666666667,0.3229166666666667,2.6844746115507694,0.9108245893826504,0.18672053226294996,nan,nan,0.2010619342327118,0.9339895248413086
6,low_diversity,0,512,0.639,nary_and_hexagon,96,6,6,1,0,6.0,0.5243055555555556,0.8854166666666666,1.142000565796496,1.2227239540171446,1.0584131122085725,nan,nan,0.12813079357147217,0.15255992114543915
6,low_diversity,1,512,0.6275,associativity_pentagon,96,5,8,1,1,5.0,0.5895833333333333,0.65625,0.42864170699921667,0.4409925387548148,0.19186602634725297,0.03522695782825549,0.8207842572222958,0.6281977295875549,0.929027795791626
6,low_diversity,1,512,0.6275,commutativity_cube,96,8,24,6,5,4.0,0.6276041666666666,0.4791666666666667,0.5604929743631093,0.5859815196613462,0.19027572165468343,0.05602489482579211,1.2428151633453832,0.523566722869873,0.7911049723625183
6,low_diversity,1,512,0.6275,commutativity_involution,96,2,2,1,0,2.0,0.6145833333333334,0.625,1.399040465658766,1.4156731848342932,0.1859961420112197,nan,nan,0.08060494810342789,0.9723706245422363
6,low_diversity,1,512,0.6275,demorgan_and_square,96,4,4,1,0,4.0,0.5234375,0.03125,1.870910755070608,0.3772060508080569,0.16944881793316036,nan,nan,0.0015090539818629622,0.9736328721046448
6,low_diversity,1,512,0.6275,demorgan_or_square,96,4,4,1,0,4.0,0.4270833333333333,0.21875,1.6037227303505053,0.9502932283337867,0.29591701536166165,nan,nan,0.02947409078478813,0.8947893977165222
6,low_diversity,1,512,0.6275,distributivity_diamond,96,4,5,2,1,3.0,0.5859375,0.3541666666666667,1.3172055319327203,1.1112068800697343,0.21472892318765086,0.27191093934485316,1.1445027065496232,0.11360597610473633,0.920105516910553
6,low_diversity,1,512,0.6275,double_negation,96,2,2,1,0,2.0,0.5625,0.4375,2.173084722864951,1.6234412331483448,1.2296185671968807,nan,nan,0.022712718695402145,0.9730932116508484
6,low_diversity,1,512,0.6275,exact1_hexagon,96,6,6,1,0,6.0,0.4930555555555556,0.3854166666666667,0.8790080636113494,0.9148795417726402,0.3553920484518372,nan,nan,0.3077506124973297,0.9121272563934326
6,low_diversity,1,512,0.6275,ite_expansion,96,2,2,1,0,2.0,0.5625,0.5833333333333334,1.5744025437560025,1.2736430408306212,0.4624759111860268,nan,nan,0.055005691945552826,0.961625337600708
6,low_diversity,1,512,0.6275,majority_duality,96,2,2,1,0,2.0,0.4479166666666667,0.4583333333333333,2.425721914134845,1.065974383079563,0.3391647703008706,nan,nan,0.14306049048900604,0.7861740589141846
6,low_diversity,1,512,0.6275,nary_and_hexagon,96,6,6,1,0,6.0,0.515625,0.8854166666666666,1.2072968109464621,1.3734496841189991,1.526834368149245,nan,nan,0.08860842883586884,0.15190893411636353
6,low_diversity,2,512,0.6475,associativity_pentagon,96,5,8,1,1,5.0,0.59375,0.6041666666666666,0.686403039652993,0.7184707321817964,0.3692410795187125,0.059276789370644484,1.1266174199970593,0.42436447739601135,0.8426653146743774
6,low_diversity,2,512,0.6475,commutativity_cube,96,8,24,6,5,4.0,0.5716145833333334,0.5,0.6496000313236758,0.6804715198805845,0.2562937070533382,0.070247285995378,1.4064191667009578,0.4712327718734741,0.8222038149833679
6,low_diversity,2,512,0.6475,commutativity_involution,96,2,2,1,0,2.0,0.5677083333333334,0.71875,1.1970227492257046,1.2321696320790474,0.2971463986688844,nan,nan,0.16808749735355377,0.9066548943519592
6,low_diversity,2,512,0.6475,demorgan_and_square,96,4,4,1,0,4.0,0.4895833333333333,0.052083333333333336,1.8710486921946792,0.3908536704846876,0.5314360439009012,nan,nan,0.001725545385852456,0.9886100888252258
6,low_diversity,2,512,0.6475,demorgan_or_square,96,4,4,1,0,4.0,0.4505208333333333,0.28125,1.6496462929062143,1.4165816978771981,0.8117340303123513,nan,nan,0.017879538238048553,0.8307251930236816
6,low_diversity,2,512,0.6475,distributivity_diamond,96,4,5,2,1,3.0,0.5520833333333334,0.25,1.6395768826618833,1.0653945816863148,0.20374216875922893,0.2594609030999804,1.066662692935884,0.03515178710222244,0.9530258178710938
6,low_diversity,2,512,0.6475,double_negation,96,2,2,1,0,2.0,0.6041666666666666,0.5208333333333334,1.9517673271888358,1.7271634578709667,0.5360217938637865,nan,nan,0.011455969884991646,0.9506461024284363
6,low_diversity,2,512,0.6475,exact1_hexagon,96,6,6,1,0,6.0,0.4791666666666667,0.2916666666666667,1.2264358376664048,1.2704594849927062,0.4411505815045728,nan,nan,0.1376430243253708,0.9125311374664307
6,low_diversity,2,512,0.6475,ite_expansion,96,2,2,1,0,2.0,0.4635416666666667,0.4270833333333333,2.4179334172764677,1.4278330274345838,0.7850335131038235,nan,nan,0.08771093189716339,0.9006901383399963
6,low_diversity,2,512,0.6475,majority_duality,96,2,2,1,0,2.0,0.4947916666666667,0.4479166666666667,2.1673790615376465,1.457178314779304,0.26210469900866223,nan,nan,0.028246384114027023,0.9355093836784363
6,low_diversity,2,512,0.6475,nary_and_hexagon,96,6,6,1,0,6.0,0.5902777777777778,0.53125,1.25884827817395,1.309074563249528,0.5954219303078307,nan,nan,0.11564245074987411,0.5368238687515259
6,higher_diversity,0,12000,0.687,associativity_pentagon,96,5,8,1,1,5.0,0.7,0.6041666666666666,0.4135792124885426,0.4741604748577588,0.5336751207117478,0.12237574562765764,1.021388473986469,0.6765495538711548,0.7413418889045715
6,higher_diversity,0,12000,0.687,commutativity_cube,96,8,24,6,5,4.0,0.5143229166666666,0.46875,0.4282468568908211,0.4901443477654107,0.41284520527379154,0.1215656606044116,1.1219846969265328,0.6297547221183777,0.6790919899940491
6,higher_diversity,0,12000,0.687,commutativity_involution,96,2,2,1,0,2.0,0.7291666666666666,0.75,0.9825195875454472,1.0563122286684672,0.568409627210787,nan,nan,0.3624504506587982,0.8211424946784973
6,higher_diversity,0,12000,0.687,demorgan_and_square,96,4,4,1,0,4.0,0.5755208333333334,0.34375,1.3753378796597773,0.9563568563737277,0.7477708354698457,nan,nan,0.07294601947069168,0.7090768218040466
6,higher_diversity,0,12000,0.687,demorgan_or_square,96,4,4,1,0,4.0,0.6015625,0.4479166666666667,1.1619924856680814,0.9505398356412094,0.8023498544817951,nan,nan,0.2519844174385071,0.752068042755127
6,higher_diversity,0,12000,0.687,distributivity_diamond,96,4,5,2,1,3.0,0.6484375,0.4270833333333333,1.1499926966538287,1.060737140268091,0.6071354795332179,0.782872017675461,1.200943335698891,0.23977838456630707,0.8470557332038879
6,higher_diversity,0,12000,0.687,double_negation,96,2,2,1,0,2.0,0.6822916666666666,0.5520833333333334,2.0482041306818415,1.192360977583825,0.8769252525894271,nan,nan,0.1997809112071991,0.7979140877723694
6,higher_diversity,0,12000,0.687,exact1_hexagon,96,6,6,1,0,6.0,0.5972222222222222,0.23958333333333334,0.9245067001076932,1.0474131075722002,1.0436062649116529,nan,nan,0.2507251501083374,0.7310019731521606
6,higher_diversity,0,12000,0.687,ite_expansion,96,2,2,1,0,2.0,0.5729166666666666,0.5625,1.6150646753339566,1.2025874643645929,0.728179855895741,nan,nan,0.18742644786834717,0.8776886463165283
6,higher_diversity,0,12000,0.687,majority_duality,96,2,2,1,0,2.0,0.65625,0.6666666666666666,1.5536619907451903,1.022521518778097,0.45253398248263776,nan,nan,0.21402017772197723,0.7510221600532532
6,higher_diversity,0,12000,0.687,nary_and_hexagon,96,6,6,1,0,6.0,0.5902777777777778,0.5520833333333334,0.7500538784919967,0.9068717247715579,1.0971021600104758,nan,nan,0.4460960626602173,0.6020283102989197
6,higher_diversity,1,12000,0.679,associativity_pentagon,96,5,8,1,1,5.0,0.5916666666666667,0.6979166666666666,0.6448303446210443,0.7038529317381063,0.5393502893459904,0.14191176067851793,1.181765988106468,0.44444501399993896,0.5166820287704468
6,higher_diversity,1,12000,0.679,commutativity_cube,96,8,24,6,5,4.0,0.5859375,0.6354166666666666,0.5224953159327768,0.5906349778087986,0.471802336634534,0.1479012025692662,1.3343548819292508,0.5732832551002502,0.5522125959396362
6,higher_diversity,1,12000,0.679,commutativity_involution,96,2,2,1,0,2.0,0.6927083333333334,0.71875,1.3235258633621276,1.3849221528702635,0.7160924868612732,nan,nan,0.12027358263731003,0.7770147323608398
6,higher_diversity,1,12000,0.679,demorgan_and_square,96,4,4,1,0,4.0,0.5520833333333334,0.3958333333333333,1.4613590807706704,1.0579972526005428,1.0448060171884275,nan,nan,0.05555713176727295,0.5521060228347778
6,higher_diversity,1,12000,0.679,demorgan_or_square,96,4,4,1,0,4.0,0.5885416666666666,0.25,1.4403388482136872,1.317375105717792,1.6018935988626901,nan,nan,0.07863452285528183,0.6810093522071838
6,higher_diversity,1,12000,0.679,distributivity_diamond,96,4,5,2,1,3.0,0.5963541666666666,0.4895833333333333,1.1116200202810467,1.0582379745307418,0.7246909605765396,0.9041420030155723,1.2083283114777579,0.26856064796447754,0.8097379803657532
6,higher_diversity,1,12000,0.679,double_negation,96,2,2,1,0,2.0,0.6302083333333334,0.59375,1.8565861027312993,1.2217666444550028,0.8551964455593334,nan,nan,0.13619987666606903,0.825786292552948
6,higher_diversity,1,12000,0.679,exact1_hexagon,96,6,6,1,0,6.0,0.5746527777777778,0.21875,1.07449248886974,1.1723982855240542,1.031179299767125,nan,nan,0.14407993853092194,0.5920662879943848
6,higher_diversity,1,12000,0.679,ite_expansion,96,2,2,1,0,2.0,0.5677083333333334,0.6354166666666666,1.6624697411991856,1.2813069898121159,0.7875694847319586,nan,nan,0.1543624848127365,0.8846068382263184
6,higher_diversity,1,12000,0.679,majority_duality,96,2,2,1,0,2.0,0.5260416666666666,0.4895833333333333,1.803181643643509,1.3243193024514968,0.5821196550981089,nan,nan,0.08766704052686691,0.6732411980628967
6,higher_diversity,1,12000,0.679,nary_and_hexagon,96,6,6,1,0,6.0,0.5486111111111112,0.65625,0.9167510404689327,1.0424237342292677,1.4681483690968349,nan,nan,0.32279571890830994,0.46588027477264404
6,higher_diversity,2,12000,0.6775,associativity_pentagon,96,5,8,1,1,5.0,0.68125,0.6875,0.45460658279625316,0.5052203344311355,0.40209453678894114,0.08600513114302881,1.0026328144479353,0.6212651133537292,0.8070455193519592
6,higher_diversity,2,12000,0.6775,commutativity_cube,96,8,24,6,5,4.0,0.578125,0.53125,0.45094687080093027,0.5096673243682626,0.36701072629970793,0.13339843790448064,1.1223951870251272,0.6325603723526001,0.7483172416687012
6,higher_diversity,2,12000,0.6775,commutativity_involution,96,2,2,1,0,2.0,0.6875,0.7708333333333334,0.9508431416927648,1.031980656700321,0.5388643758686317,nan,nan,0.36958077549934387,0.8642707467079163
6,higher_diversity,2,12000,0.6775,demorgan_and_square,96,4,4,1,0,4.0,0.625,0.46875,1.2260828672135293,1.0265000437030094,0.6551181265893475,nan,nan,0.16956913471221924,0.6746793389320374
6,higher_diversity,2,12000,0.6775,demorgan_or_square,96,4,4,1,0,4.0,0.6119791666666666,0.4166666666666667,1.1586392490145319,1.0708709282405438,0.8301472770581588,nan,nan,0.2277068793773651,0.7155055999755859
6,higher_diversity,2,12000,0.6775,distributivity_diamond,96,4,5,2,1,3.0,0.6276041666666666,0.4583333333333333,1.0231906767411632,0.9728003684419128,0.5905031812411118,0.7544279647753486,1.0029628832497988,0.31690713763237,0.877039909362793
6,higher_diversity,2,12000,0.6775,double_negation,96,2,2,1,0,2.0,0.6927083333333334,0.5520833333333334,1.932684459017361,1.2303810766765577,0.9166583129268906,nan,nan,0.1386159062385559,0.8302340507507324
6,higher_diversity,2,12000,0.6775,exact1_hexagon,96,6,6,1,0,6.0,0.5815972222222222,0.2708333333333333,1.0141835282556033,1.1221291550809505,1.332559394325789,nan,nan,0.21122318506240845,0.6520453691482544
6,higher_diversity,2,12000,0.6775,ite_expansion,96,2,2,1,0,2.0,0.546875,0.6145833333333334,1.571217757155529,1.2691597375369883,0.6954735589590281,nan,nan,0.176311656832695,0.8735585808753967
6,higher_diversity,2,12000,0.6775,majority_duality,96,2,2,1,0,2.0,0.609375,0.5729166666666666,1.6821397987904514,1.2285365538905402,0.3816565214657677,nan,nan,0.11849591135978699,0.7074918746948242
6,higher_diversity,2,12000,0.6775,nary_and_hexagon,96,6,6,1,0,6.0,0.6232638888888888,0.6041666666666666,0.8148271400813528,0.932361046479434,1.0087948733719616,nan,nan,0.3923015296459198,0.5685464143753052
