architecture_layers,condition,seed,train_size,step,train_loss,validation_loss,validation_accuracy
2,low_diversity,0,512,1,0.8797661662101746,0.7246407623291016,0.5
2,low_diversity,0,512,250,0.20441354744619458,2.620803161621094,0.647
2,low_diversity,0,512,500,0.00014517148802406155,2.840535888671875,0.647
2,low_diversity,0,512,750,7.768294212291948e-05,2.980372741699219,0.649
2,low_diversity,0,512,1000,5.156621595961042e-05,3.0873499755859375,0.649
2,low_diversity,0,512,1250,3.75253967649769e-05,3.1762866821289064,0.651
2,low_diversity,0,512,1500,2.8772774625394958e-05,3.254069091796875,0.652
2,low_diversity,0,512,1750,2.2816876327851786e-05,3.3242442626953124,0.654
2,low_diversity,0,512,2000,1.8520605961384717e-05,3.388897644042969,0.654
2,low_diversity,1,512,1,0.7722874283790588,0.7058387603759766,0.5
2,low_diversity,1,512,250,0.19450300767977025,2.34409716796875,0.67
2,low_diversity,1,512,500,0.00014016416791127995,2.576392333984375,0.669
2,low_diversity,1,512,750,7.142298029793892e-05,2.7221257934570313,0.667
2,low_diversity,1,512,1000,4.631339829938952e-05,2.832826965332031,0.669
2,low_diversity,1,512,1250,3.330107253714232e-05,2.923794006347656,0.67
2,low_diversity,1,512,1500,2.5383820982824547e-05,3.0021834716796874,0.67
2,low_diversity,1,512,1750,2.008355515135918e-05,3.0718929443359375,0.67
2,low_diversity,1,512,2000,1.6300794373819372e-05,3.1355013427734373,0.669
2,low_diversity,2,512,1,0.860913872718811,0.7355054473876953,0.5
2,low_diversity,2,512,250,0.22206553905829787,2.4180361328125,0.662
2,low_diversity,2,512,500,0.0001489422421436757,2.6419869384765624,0.658
2,low_diversity,2,512,750,7.739946385845543e-05,2.7865633544921873,0.656
2,low_diversity,2,512,1000,5.090336261491757e-05,2.898266174316406,0.654
2,low_diversity,2,512,1250,3.6886517016682774e-05,2.9917628784179686,0.654
2,low_diversity,2,512,1500,2.8228613795363343e-05,3.0735374755859377,0.653
2,low_diversity,2,512,1750,2.237060581683181e-05,3.1473258056640625,0.654
2,low_diversity,2,512,2000,1.815874592284672e-05,3.2151715698242187,0.654
2,higher_diversity,0,12000,1,0.8017676472663879,0.7244382019042969,0.5
2,higher_diversity,0,12000,250,0.558520316362381,0.5186412353515625,0.702
2,higher_diversity,0,12000,500,0.4696739699840546,0.47412666320800784,0.72
2,higher_diversity,0,12000,750,0.4161864067316055,0.4814718627929688,0.71
2,higher_diversity,0,12000,1000,0.3725273922681808,0.5472311477661133,0.725
2,higher_diversity,0,12000,1250,0.3284013561606407,0.6926804809570313,0.719
2,higher_diversity,0,12000,1500,0.28422699320316314,0.7847060699462891,0.718
2,higher_diversity,0,12000,1750,0.24828839439153672,0.9093114776611328,0.71
2,higher_diversity,0,12000,2000,0.21960215777158737,0.9768993682861328,0.709
2,higher_diversity,1,12000,1,0.7934064269065857,0.7056319122314453,0.5
2,higher_diversity,1,12000,250,0.5441904233694077,0.5090587692260742,0.713
2,higher_diversity,1,12000,500,0.46552279472351077,0.49302392578125,0.729
2,higher_diversity,1,12000,750,0.4145374629497528,0.48414810943603515,0.724
2,higher_diversity,1,12000,1000,0.37027197575569154,0.5642845840454102,0.71
2,higher_diversity,1,12000,1250,0.32899852669239044,0.6450339508056641,0.71
2,higher_diversity,1,12000,1500,0.2903084626197815,0.7566172790527343,0.712
2,higher_diversity,1,12000,1750,0.25593169462680815,0.9524301300048829,0.707
2,higher_diversity,1,12000,2000,0.22652133232355118,1.0208422393798828,0.707
2,higher_diversity,2,12000,1,0.8356931209564209,0.7349510345458984,0.5
2,higher_diversity,2,12000,250,0.5569905816316605,0.5096276321411133,0.7
2,higher_diversity,2,12000,500,0.4678248451948166,0.4795407333374023,0.739
2,higher_diversity,2,12000,750,0.4225369176864624,0.5286668090820312,0.719
2,higher_diversity,2,12000,1000,0.3855848091840744,0.5995561828613282,0.701
2,higher_diversity,2,12000,1250,0.3507040877342224,0.6492982788085937,0.695
2,higher_diversity,2,12000,1500,0.3112676067352295,0.7762755889892579,0.708
2,higher_diversity,2,12000,1750,0.27848636263608934,0.8120247802734375,0.702
2,higher_diversity,2,12000,2000,0.24919456672668458,0.9252183990478515,0.699
4,low_diversity,0,512,1,0.796615481376648,0.71024072265625,0.512
4,low_diversity,0,512,250,0.14895147872838424,2.3205765075683593,0.684
4,low_diversity,0,512,500,0.00012548264986253344,2.539859802246094,0.687
4,low_diversity,0,512,750,7.169525133213029e-05,2.6819029541015627,0.686
4,low_diversity,0,512,1000,4.9111405242001635e-05,2.790622802734375,0.688
4,low_diversity,0,512,1250,3.6465899669565264e-05,2.881661682128906,0.688
4,low_diversity,0,512,1500,2.836143308377359e-05,2.961709533691406,0.688
4,low_diversity,0,512,1750,2.273063577740686e-05,3.032832824707031,0.689
4,low_diversity,0,512,2000,1.8602496369567233e-05,3.0969415893554686,0.689
4,low_diversity,1,512,1,0.7275930643081665,0.7209100341796875,0.495
4,low_diversity,1,512,250,0.14640094567165943,2.274216613769531,0.686
4,low_diversity,1,512,500,0.00012944737085490487,2.528529602050781,0.685
4,low_diversity,1,512,750,6.853000618866645e-05,2.6914921264648437,0.683
4,low_diversity,1,512,1000,4.525241399824154e-05,2.8160574951171875,0.681
4,low_diversity,1,512,1250,3.29552976982086e-05,2.918804870605469,0.681
4,low_diversity,1,512,1500,2.5363507840665988e-05,3.0064189453125,0.682
4,low_diversity,1,512,1750,2.0219145517330618e-05,3.083348388671875,0.682
4,low_diversity,1,512,2000,1.6509556327946483e-05,3.1527520751953126,0.683
4,low_diversity,2,512,1,0.8117895722389221,0.7034975128173828,0.462
4,low_diversity,2,512,250,0.16356538183090744,2.5314768371582033,0.658
4,low_diversity,2,512,500,0.00013241804647259414,2.7761904907226564,0.658
4,low_diversity,2,512,750,7.425179283018223e-05,2.935617492675781,0.657
4,low_diversity,2,512,1000,5.058007985644508e-05,3.0566511840820314,0.657
4,low_diversity,2,512,1250,3.7515414456720465e-05,3.155804870605469,0.656
4,low_diversity,2,512,1500,2.921087837603409e-05,3.2411568603515626,0.657
4,low_diversity,2,512,1750,2.346482697612373e-05,3.3169226684570314,0.659
4,low_diversity,2,512,2000,1.925608314923011e-05,3.3857301025390627,0.659
4,higher_diversity,0,12000,1,0.739332377910614,0.7109829864501953,0.515
4,higher_diversity,0,12000,250,0.5445280842781067,0.4947760391235352,0.729
4,higher_diversity,0,12000,500,0.4340401734113693,0.46711714172363283,0.726
4,higher_diversity,0,12000,750,0.34847511172294615,0.5090439605712891,0.725
4,higher_diversity,0,12000,1000,0.24527131408452987,0.7685518798828125,0.724
4,higher_diversity,0,12000,1250,0.1458035506606102,1.1177983093261719,0.724
4,higher_diversity,0,12000,1500,0.0777143003642559,1.3717946472167968,0.722
4,higher_diversity,0,12000,1750,0.044569675447419285,1.6152113647460937,0.714
4,higher_diversity,0,12000,2000,0.029856016064994037,1.6216663513183593,0.72
4,higher_diversity,1,12000,1,0.7264570593833923,0.7269810485839844,0.5
4,higher_diversity,1,12000,250,0.5320279990434646,0.4823911361694336,0.723
4,higher_diversity,1,12000,500,0.4321160589456558,0.4973817672729492,0.725
4,higher_diversity,1,12000,750,0.36364580488204956,0.544311996459961,0.729
4,higher_diversity,1,12000,1000,0.27444691932201387,0.7918972625732422,0.732
4,higher_diversity,1,12000,1250,0.1901064590215683,0.9499717407226562,0.733
4,higher_diversity,1,12000,1500,0.11283908006548882,1.2876412200927734,0.741
4,higher_diversity,1,12000,1750,0.06249883198738098,1.4656248474121094,0.726
4,higher_diversity,1,12000,2000,0.03853941566497088,1.5460709228515626,0.73
4,higher_diversity,2,12000,1,0.7951269149780273,0.7031974639892579,0.468
4,higher_diversity,2,12000,250,0.5430732345581055,0.5226700286865235,0.709
4,higher_diversity,2,12000,500,0.4396437796354294,0.4954274368286133,0.703
4,higher_diversity,2,12000,750,0.3552473953962326,0.5880411453247071,0.709
4,higher_diversity,2,12000,1000,0.25611873269081115,0.862437484741211,0.72
4,higher_diversity,2,12000,1250,0.16147659739851952,1.1245496978759766,0.716
4,higher_diversity,2,12000,1500,0.0919718969836831,1.3736565551757813,0.732
4,higher_diversity,2,12000,1750,0.0556529082134366,1.4631221618652344,0.72
4,higher_diversity,2,12000,2000,0.035767622496932744,1.6385256958007812,0.721
6,low_diversity,0,512,1,0.7539481520652771,0.7905498962402344,0.5
6,low_diversity,0,512,250,0.14654190312640275,2.2018452758789064,0.699
6,low_diversity,0,512,500,0.00013974131501163356,2.418606018066406,0.696
6,low_diversity,0,512,750,8.0142458435148e-05,2.564833923339844,0.7
6,low_diversity,0,512,1000,5.472130711132195e-05,2.6773418579101564,0.701
6,low_diversity,0,512,1250,4.0472368113114496e-05,2.7703258666992188,0.7
6,low_diversity,0,512,1500,3.135311087680748e-05,2.8502493286132813,0.7
6,low_diversity,0,512,1750,2.503159156185575e-05,2.921045227050781,0.701
6,low_diversity,0,512,2000,2.0409080316312612e-05,2.9849417114257815,0.701
6,low_diversity,1,512,1,0.7236723303794861,0.7029883880615234,0.5
6,low_diversity,1,512,250,0.11864867450296879,2.376119354248047,0.69
6,low_diversity,1,512,500,0.00011143150943098589,2.617897644042969,0.69
6,low_diversity,1,512,750,6.345227408746723e-05,2.7778045654296877,0.689
6,low_diversity,1,512,1000,4.31062797724735e-05,2.899687316894531,0.687
6,low_diversity,1,512,1250,3.1854812586971096e-05,3.0016705322265627,0.684
6,low_diversity,1,512,1500,2.472512448002817e-05,3.087950439453125,0.684
6,low_diversity,1,512,1750,1.9812822851235977e-05,3.1644624633789062,0.684
6,low_diversity,1,512,2000,1.6230861205258408e-05,3.234252197265625,0.683
6,low_diversity,2,512,1,0.7497000694274902,0.7745569763183594,0.5
6,low_diversity,2,512,250,0.15908586599398405,2.3080294189453125,0.676
6,low_diversity,2,512,500,0.00015017799841007218,2.5796829223632813,0.676
6,low_diversity,2,512,750,8.380598793155514e-05,2.7527730712890626,0.674
6,low_diversity,2,512,1000,5.66662703640759e-05,2.88382275390625,0.67
6,low_diversity,2,512,1250,4.180393532442395e-05,2.9907874145507813,0.671
6,low_diversity,2,512,1500,3.241578208690044e-05,3.0810343017578123,0.672
6,low_diversity,2,512,1750,2.594919253169792e-05,3.158527282714844,0.672
6,low_diversity,2,512,2000,2.122939621040132e-05,3.227299255371094,0.672
6,higher_diversity,0,12000,1,0.7124355435371399,0.7917701568603516,0.5
6,higher_diversity,0,12000,250,0.537901384472847,0.46494862365722656,0.75
6,higher_diversity,0,12000,500,0.3906705485582352,0.473913215637207,0.741
6,higher_diversity,0,12000,750,0.28519914162158966,0.5623689041137695,0.761
6,higher_diversity,0,12000,1000,0.16750026044249536,0.8494647827148437,0.758
6,higher_diversity,0,12000,1250,0.07761139827221632,1.2260639190673828,0.749
6,higher_diversity,0,12000,1500,0.04138404019456357,1.3049689636230468,0.765
6,higher_diversity,0,12000,1750,0.028123450411483647,1.3492905883789061,0.744
6,higher_diversity,0,12000,2000,0.021208785775117575,1.4058348846435547,0.759
6,higher_diversity,1,12000,1,0.7052337527275085,0.8425164489746094,0.5
6,higher_diversity,1,12000,250,0.5299126824140549,0.4807647018432617,0.732
6,higher_diversity,1,12000,500,0.41641987407207487,0.4862598190307617,0.731
6,higher_diversity,1,12000,750,0.3184938532114029,0.5755560607910156,0.752
6,higher_diversity,1,12000,1000,0.2071679333150387,0.9835110778808593,0.737
6,higher_diversity,1,12000,1250,0.10208842443674802,1.2243476867675782,0.726
6,higher_diversity,1,12000,1500,0.04693682581558824,1.520708526611328,0.726
6,higher_diversity,1,12000,1750,0.030828655906021595,1.5152225646972657,0.736
6,higher_diversity,1,12000,2000,0.026565997026860712,1.4732093200683594,0.735
6,higher_diversity,2,12000,1,0.7436724305152893,0.7741065673828125,0.5
6,higher_diversity,2,12000,250,0.5437352299690247,0.49938111114501954,0.717
6,higher_diversity,2,12000,500,0.41461054134368897,0.48858075714111326,0.732
6,higher_diversity,2,12000,750,0.30032514691352846,0.6134503021240234,0.748
6,higher_diversity,2,12000,1000,0.17016332322359085,1.0048548278808593,0.735
6,higher_diversity,2,12000,1250,0.07877075099200011,1.2881660461425781,0.751
6,higher_diversity,2,12000,1500,0.045706015143543485,1.306601837158203,0.748
6,higher_diversity,2,12000,1750,0.02718961864663288,1.4789425354003907,0.734
6,higher_diversity,2,12000,2000,0.022777184781618415,1.5446799926757813,0.729
