architecture_layers,condition,seed,train_size,split,depth,root_operator,count,accuracy,balanced_accuracy
2,low_diversity,0,512,id,3,AND,78,0.6794871794871795,0.6361111111111111
2,low_diversity,0,512,id,3,AND3,74,0.8378378378378378,0.6261904761904762
2,low_diversity,0,512,id,3,AND4,69,0.927536231884058,0.803030303030303
2,low_diversity,0,512,id,3,ATLEAST2_4,81,0.6790123456790124,0.6151315789473684
2,low_diversity,0,512,id,3,EXACT1_3,69,0.5507246376811594,0.4404545454545455
2,low_diversity,0,512,id,3,ITE3,82,0.6341463414634146,0.6369047619047619
2,low_diversity,0,512,id,3,MAJ3,74,0.6081081081081081,0.6121212121212121
2,low_diversity,0,512,id,3,NOT,52,0.5769230769230769,0.5769230769230769
2,low_diversity,0,512,id,3,OR,61,0.6721311475409836,0.5640243902439024
2,low_diversity,0,512,id,3,OR3,66,0.803030303030303,0.5584795321637427
2,low_diversity,0,512,id,3,OR4,76,0.8421052631578947,0.6095238095238095
2,low_diversity,0,512,id,3,XOR,72,0.5833333333333334,0.5789473684210527
2,low_diversity,0,512,id,3,XOR3,69,0.43478260869565216,0.44612068965517243
2,low_diversity,0,512,id,3,XOR4,77,0.4935064935064935,0.49224021592442646
2,low_diversity,0,512,ood,5,AND,84,0.6428571428571429,0.6457590876692801
2,low_diversity,0,512,ood,5,AND3,88,0.7840909090909091,0.5306545153272576
2,low_diversity,0,512,ood,5,AND4,72,0.9166666666666666,0.5714285714285714
2,low_diversity,0,512,ood,5,ATLEAST2_4,63,0.6666666666666666,0.5753880266075388
2,low_diversity,0,512,ood,5,EXACT1_3,62,0.5645161290322581,0.592948717948718
2,low_diversity,0,512,ood,5,ITE3,79,0.5189873417721519,0.5346938775510204
2,low_diversity,0,512,ood,5,MAJ3,62,0.5483870967741935,0.47243243243243244
2,low_diversity,0,512,ood,5,NOT,63,0.5079365079365079,0.501008064516129
2,low_diversity,0,512,ood,5,OR,71,0.6901408450704225,0.5379554655870445
2,low_diversity,0,512,ood,5,OR3,60,0.7666666666666667,0.5480769230769231
2,low_diversity,0,512,ood,5,OR4,76,0.9210526315789473,0.49295774647887325
2,low_diversity,0,512,ood,5,XOR,76,0.5526315789473685,0.538888888888889
2,low_diversity,0,512,ood,5,XOR3,62,0.43548387096774194,0.44497354497354497
2,low_diversity,0,512,ood,5,XOR4,82,0.4878048780487805,0.492546213476446
2,low_diversity,1,512,id,3,AND,78,0.7307692307692307,0.6694444444444445
2,low_diversity,1,512,id,3,AND3,74,0.7972972972972973,0.49166666666666664
2,low_diversity,1,512,id,3,AND4,69,0.9130434782608695,0.4772727272727273
2,low_diversity,1,512,id,3,ATLEAST2_4,81,0.6666666666666666,0.5942982456140351
2,low_diversity,1,512,id,3,EXACT1_3,69,0.4927536231884058,0.4640909090909091
2,low_diversity,1,512,id,3,ITE3,82,0.6341463414634146,0.6351190476190476
2,low_diversity,1,512,id,3,MAJ3,74,0.5945945945945946,0.5848484848484848
2,low_diversity,1,512,id,3,NOT,52,0.6346153846153846,0.6346153846153846
2,low_diversity,1,512,id,3,OR,61,0.7049180327868853,0.6140243902439024
2,low_diversity,1,512,id,3,OR3,66,0.8333333333333334,0.5760233918128654
2,low_diversity,1,512,id,3,OR4,76,0.8947368421052632,0.5619047619047619
2,low_diversity,1,512,id,3,XOR,72,0.5555555555555556,0.5603715170278638
2,low_diversity,1,512,id,3,XOR3,69,0.5072463768115942,0.5228448275862069
2,low_diversity,1,512,id,3,XOR4,77,0.4675324675324675,0.4642375168690958
2,low_diversity,1,512,ood,5,AND,84,0.5952380952380952,0.49109052031361367
2,low_diversity,1,512,ood,5,AND3,88,0.7727272727272727,0.4788732394366197
2,low_diversity,1,512,ood,5,AND4,72,0.9027777777777778,0.5
2,low_diversity,1,512,ood,5,ATLEAST2_4,63,0.5873015873015873,0.49334811529933487
2,low_diversity,1,512,ood,5,EXACT1_3,62,0.6774193548387096,0.6581196581196581
2,low_diversity,1,512,ood,5,ITE3,79,0.569620253164557,0.6272108843537415
2,low_diversity,1,512,ood,5,MAJ3,62,0.5967741935483871,0.5843243243243244
2,low_diversity,1,512,ood,5,NOT,63,0.4603174603174603,0.453125
2,low_diversity,1,512,ood,5,OR,71,0.5915492957746479,0.43724696356275305
2,low_diversity,1,512,ood,5,OR3,60,0.85,0.6490384615384616
2,low_diversity,1,512,ood,5,OR4,76,0.8157894736842105,0.6225352112676057
2,low_diversity,1,512,ood,5,XOR,76,0.5526315789473685,0.5638888888888889
2,low_diversity,1,512,ood,5,XOR3,62,0.4838709677419355,0.4751322751322751
2,low_diversity,1,512,ood,5,XOR4,82,0.5609756097560976,0.5503875968992248
2,low_diversity,2,512,id,3,AND,78,0.6666666666666666,0.6277777777777778
2,low_diversity,2,512,id,3,AND3,74,0.8513513513513513,0.6892857142857143
2,low_diversity,2,512,id,3,AND4,69,0.8840579710144928,0.4621212121212121
2,low_diversity,2,512,id,3,ATLEAST2_4,81,0.5925925925925926,0.5175438596491228
2,low_diversity,2,512,id,3,EXACT1_3,69,0.5072463768115942,0.4322727272727273
2,low_diversity,2,512,id,3,ITE3,82,0.6097560975609756,0.6113095238095239
2,low_diversity,2,512,id,3,MAJ3,74,0.5135135135135135,0.5007575757575757
2,low_diversity,2,512,id,3,NOT,52,0.46153846153846156,0.46153846153846156
2,low_diversity,2,512,id,3,OR,61,0.639344262295082,0.5140243902439025
2,low_diversity,2,512,id,3,OR3,66,0.8787878787878788,0.6023391812865497
2,low_diversity,2,512,id,3,OR4,76,0.8947368421052632,0.7904761904761904
2,low_diversity,2,512,id,3,XOR,72,0.6388888888888888,0.6424148606811146
2,low_diversity,2,512,id,3,XOR3,69,0.391304347826087,0.41336206896551725
2,low_diversity,2,512,id,3,XOR4,77,0.4805194805194805,0.48043184885290147
2,low_diversity,2,512,ood,5,AND,84,0.6428571428571429,0.5780470420527442
2,low_diversity,2,512,ood,5,AND3,88,0.7159090909090909,0.6449875724937862
2,low_diversity,2,512,ood,5,AND4,72,0.8472222222222222,0.5967032967032967
2,low_diversity,2,512,ood,5,ATLEAST2_4,63,0.6984126984126984,0.6524390243902439
2,low_diversity,2,512,ood,5,EXACT1_3,62,0.5483870967741935,0.5523504273504274
2,low_diversity,2,512,ood,5,ITE3,79,0.5189873417721519,0.5540816326530612
2,low_diversity,2,512,ood,5,MAJ3,62,0.5967741935483871,0.5583783783783784
2,low_diversity,2,512,ood,5,NOT,63,0.5714285714285714,0.5680443548387097
2,low_diversity,2,512,ood,5,OR,71,0.6901408450704225,0.48785425101214575
2,low_diversity,2,512,ood,5,OR3,60,0.85,0.5961538461538461
2,low_diversity,2,512,ood,5,OR4,76,0.868421052631579,0.4647887323943662
2,low_diversity,2,512,ood,5,XOR,76,0.4868421052631579,0.4861111111111111
2,low_diversity,2,512,ood,5,XOR3,62,0.532258064516129,0.5306878306878307
2,low_diversity,2,512,ood,5,XOR4,82,0.5,0.49821109123434704
2,higher_diversity,0,12000,id,3,AND,78,0.7564102564102564,0.6083333333333333
2,higher_diversity,0,12000,id,3,AND3,74,0.8243243243243243,0.6178571428571429
2,higher_diversity,0,12000,id,3,AND4,69,0.927536231884058,0.6439393939393939
2,higher_diversity,0,12000,id,3,ATLEAST2_4,81,0.8148148148148148,0.7960526315789473
2,higher_diversity,0,12000,id,3,EXACT1_3,69,0.5362318840579711,0.5154545454545455
2,higher_diversity,0,12000,id,3,ITE3,82,0.6097560975609756,0.6089285714285715
2,higher_diversity,0,12000,id,3,MAJ3,74,0.6756756756756757,0.6742424242424242
2,higher_diversity,0,12000,id,3,NOT,52,0.6730769230769231,0.6730769230769231
2,higher_diversity,0,12000,id,3,OR,61,0.8524590163934426,0.8006097560975609
2,higher_diversity,0,12000,id,3,OR3,66,0.8333333333333334,0.6695906432748537
2,higher_diversity,0,12000,id,3,OR4,76,0.9473684210526315,0.7428571428571429
2,higher_diversity,0,12000,id,3,XOR,72,0.5694444444444444,0.5688854489164087
2,higher_diversity,0,12000,id,3,XOR3,69,0.4927536231884058,0.5103448275862069
2,higher_diversity,0,12000,id,3,XOR4,77,0.5844155844155844,0.5850202429149798
2,higher_diversity,0,12000,ood,5,AND,84,0.75,0.6247327156094085
2,higher_diversity,0,12000,ood,5,AND3,88,0.7954545454545454,0.5376967688483844
2,higher_diversity,0,12000,ood,5,AND4,72,0.8333333333333334,0.46153846153846156
2,higher_diversity,0,12000,ood,5,ATLEAST2_4,63,0.5873015873015873,0.5881374722838137
2,higher_diversity,0,12000,ood,5,EXACT1_3,62,0.5483870967741935,0.530982905982906
2,higher_diversity,0,12000,ood,5,ITE3,79,0.5063291139240507,0.5244897959183673
2,higher_diversity,0,12000,ood,5,MAJ3,62,0.5645161290322581,0.5443243243243243
2,higher_diversity,0,12000,ood,5,NOT,63,0.6825396825396826,0.6784274193548387
2,higher_diversity,0,12000,ood,5,OR,71,0.6197183098591549,0.4898785425101215
2,higher_diversity,0,12000,ood,5,OR3,60,0.8666666666666667,0.7644230769230769
2,higher_diversity,0,12000,ood,5,OR4,76,0.8421052631578947,0.4507042253521127
2,higher_diversity,0,12000,ood,5,XOR,76,0.5657894736842105,0.5638888888888889
2,higher_diversity,0,12000,ood,5,XOR3,62,0.5161290322580645,0.491005291005291
2,higher_diversity,0,12000,ood,5,XOR4,82,0.5365853658536586,0.5438282647584973
2,higher_diversity,1,12000,id,3,AND,78,0.7948717948717948,0.6527777777777778
2,higher_diversity,1,12000,id,3,AND3,74,0.8243243243243243,0.6726190476190476
2,higher_diversity,1,12000,id,3,AND4,69,0.9710144927536232,0.8257575757575757
2,higher_diversity,1,12000,id,3,ATLEAST2_4,81,0.7901234567901234,0.7664473684210527
2,higher_diversity,1,12000,id,3,EXACT1_3,69,0.5942028985507246,0.5436363636363637
2,higher_diversity,1,12000,id,3,ITE3,82,0.5365853658536586,0.5351190476190476
2,higher_diversity,1,12000,id,3,MAJ3,74,0.6756756756756757,0.668939393939394
2,higher_diversity,1,12000,id,3,NOT,52,0.5576923076923077,0.5576923076923077
2,higher_diversity,1,12000,id,3,OR,61,0.8688524590163934,0.8768292682926829
2,higher_diversity,1,12000,id,3,OR3,66,0.8787878787878788,0.8362573099415205
2,higher_diversity,1,12000,id,3,OR4,76,0.9210526315789473,0.7285714285714286
2,higher_diversity,1,12000,id,3,XOR,72,0.6111111111111112,0.6130030959752322
2,higher_diversity,1,12000,id,3,XOR3,69,0.4927536231884058,0.4866379310344828
2,higher_diversity,1,12000,id,3,XOR4,77,0.4935064935064935,0.492914979757085
2,higher_diversity,1,12000,ood,5,AND,84,0.7261904761904762,0.635424091233072
2,higher_diversity,1,12000,ood,5,AND3,88,0.7613636363636364,0.5836785418392709
2,higher_diversity,1,12000,ood,5,AND4,72,0.8472222222222222,0.532967032967033
2,higher_diversity,1,12000,ood,5,ATLEAST2_4,63,0.6825396825396826,0.6402439024390244
2,higher_diversity,1,12000,ood,5,EXACT1_3,62,0.5967741935483871,0.5566239316239316
2,higher_diversity,1,12000,ood,5,ITE3,79,0.6075949367088608,0.6255102040816326
2,higher_diversity,1,12000,ood,5,MAJ3,62,0.6774193548387096,0.6454054054054055
2,higher_diversity,1,12000,ood,5,NOT,63,0.6349206349206349,0.6370967741935484
2,higher_diversity,1,12000,ood,5,OR,71,0.7323943661971831,0.6837044534412955
2,higher_diversity,1,12000,ood,5,OR3,60,0.8333333333333334,0.7451923076923077
2,higher_diversity,1,12000,ood,5,OR4,76,0.9078947368421053,0.5788732394366197
2,higher_diversity,1,12000,ood,5,XOR,76,0.5131578947368421,0.5166666666666667
2,higher_diversity,1,12000,ood,5,XOR3,62,0.4838709677419355,0.4666666666666667
2,higher_diversity,1,12000,ood,5,XOR4,82,0.5365853658536586,0.5438282647584973
2,higher_diversity,2,12000,id,3,AND,78,0.7564102564102564,0.6277777777777778
2,higher_diversity,2,12000,id,3,AND3,74,0.8243243243243243,0.7
2,higher_diversity,2,12000,id,3,AND4,69,0.8840579710144928,0.4621212121212121
2,higher_diversity,2,12000,id,3,ATLEAST2_4,81,0.6666666666666666,0.6425438596491229
2,higher_diversity,2,12000,id,3,EXACT1_3,69,0.5797101449275363,0.515
2,higher_diversity,2,12000,id,3,ITE3,82,0.6219512195121951,0.618452380952381
2,higher_diversity,2,12000,id,3,MAJ3,74,0.7027027027027027,0.7075757575757575
2,higher_diversity,2,12000,id,3,NOT,52,0.5961538461538461,0.5961538461538461
2,higher_diversity,2,12000,id,3,OR,61,0.8524590163934426,0.8134146341463415
2,higher_diversity,2,12000,id,3,OR3,66,0.8939393939393939,0.7514619883040936
2,higher_diversity,2,12000,id,3,OR4,76,0.9342105263157895,0.6595238095238095
2,higher_diversity,2,12000,id,3,XOR,72,0.5694444444444444,0.5719814241486068
2,higher_diversity,2,12000,id,3,XOR3,69,0.4927536231884058,0.505603448275862
2,higher_diversity,2,12000,id,3,XOR4,77,0.5714285714285714,0.5732118758434548
2,higher_diversity,2,12000,ood,5,AND,84,0.6666666666666666,0.5673556664290805
2,higher_diversity,2,12000,ood,5,AND3,88,0.7386363636363636,0.48011599005799505
2,higher_diversity,2,12000,ood,5,AND4,72,0.9027777777777778,0.5
2,higher_diversity,2,12000,ood,5,ATLEAST2_4,63,0.5555555555555556,0.5110864745011087
2,higher_diversity,2,12000,ood,5,EXACT1_3,62,0.532258064516129,0.4903846153846154
2,higher_diversity,2,12000,ood,5,ITE3,79,0.5316455696202531,0.49965986394557826
2,higher_diversity,2,12000,ood,5,MAJ3,62,0.5645161290322581,0.5572972972972974
2,higher_diversity,2,12000,ood,5,NOT,63,0.5555555555555556,0.5579637096774194
2,higher_diversity,2,12000,ood,5,OR,71,0.704225352112676,0.5809716599190283
2,higher_diversity,2,12000,ood,5,OR3,60,0.85,0.7548076923076923
2,higher_diversity,2,12000,ood,5,OR4,76,0.9078947368421053,0.4859154929577465
2,higher_diversity,2,12000,ood,5,XOR,76,0.5263157894736842,0.5222222222222221
2,higher_diversity,2,12000,ood,5,XOR3,62,0.5483870967741935,0.5576719576719577
2,higher_diversity,2,12000,ood,5,XOR4,82,0.5,0.5029815146094216
4,low_diversity,0,512,id,3,AND,78,0.7051282051282052,0.6333333333333333
4,low_diversity,0,512,id,3,AND3,74,0.8378378378378378,0.6261904761904762
4,low_diversity,0,512,id,3,AND4,69,0.8695652173913043,0.6136363636363636
4,low_diversity,0,512,id,3,ATLEAST2_4,81,0.6296296296296297,0.5679824561403509
4,low_diversity,0,512,id,3,EXACT1_3,69,0.5072463768115942,0.4409090909090909
4,low_diversity,0,512,id,3,ITE3,82,0.6097560975609756,0.611904761904762
4,low_diversity,0,512,id,3,MAJ3,74,0.581081081081081,0.5893939393939394
4,low_diversity,0,512,id,3,NOT,52,0.6346153846153846,0.6346153846153846
4,low_diversity,0,512,id,3,OR,61,0.6885245901639344,0.5890243902439024
4,low_diversity,0,512,id,3,OR3,66,0.7272727272727273,0.4678362573099415
4,low_diversity,0,512,id,3,OR4,76,0.9078947368421053,0.7976190476190477
4,low_diversity,0,512,id,3,XOR,72,0.5555555555555556,0.5572755417956656
4,low_diversity,0,512,id,3,XOR3,69,0.43478260869565216,0.4603448275862069
4,low_diversity,0,512,id,3,XOR4,77,0.4805194805194805,0.48144399460188936
4,low_diversity,0,512,ood,5,AND,84,0.6785714285714286,0.5349251603706343
4,low_diversity,0,512,ood,5,AND3,88,0.7727272727272727,0.4788732394366197
4,low_diversity,0,512,ood,5,AND4,72,0.9027777777777778,0.5637362637362637
4,low_diversity,0,512,ood,5,ATLEAST2_4,63,0.6349206349206349,0.5825942350332595
4,low_diversity,0,512,ood,5,EXACT1_3,62,0.5161290322580645,0.5245726495726495
4,low_diversity,0,512,ood,5,ITE3,79,0.6075949367088608,0.6125850340136054
4,low_diversity,0,512,ood,5,MAJ3,62,0.5967741935483871,0.5454054054054054
4,low_diversity,0,512,ood,5,NOT,63,0.4603174603174603,0.4536290322580645
4,low_diversity,0,512,ood,5,OR,71,0.6901408450704225,0.5713562753036436
4,low_diversity,0,512,ood,5,OR3,60,0.7,0.5096153846153846
4,low_diversity,0,512,ood,5,OR4,76,0.8947368421052632,0.4788732394366197
4,low_diversity,0,512,ood,5,XOR,76,0.5263157894736842,0.5180555555555556
4,low_diversity,0,512,ood,5,XOR3,62,0.5806451612903226,0.5481481481481482
4,low_diversity,0,512,ood,5,XOR4,82,0.4146341463414634,0.4215861657722123
4,low_diversity,1,512,id,3,AND,78,0.6666666666666666,0.6083333333333334
4,low_diversity,1,512,id,3,AND3,74,0.7972972972972973,0.49166666666666664
4,low_diversity,1,512,id,3,AND4,69,0.8985507246376812,0.4696969696969697
4,low_diversity,1,512,id,3,ATLEAST2_4,81,0.6049382716049383,0.5383771929824561
4,low_diversity,1,512,id,3,EXACT1_3,69,0.5797101449275363,0.5409090909090909
4,low_diversity,1,512,id,3,ITE3,82,0.6707317073170732,0.6720238095238096
4,low_diversity,1,512,id,3,MAJ3,74,0.6081081081081081,0.5909090909090908
4,low_diversity,1,512,id,3,NOT,52,0.6538461538461539,0.6538461538461537
4,low_diversity,1,512,id,3,OR,61,0.7377049180327869,0.6640243902439025
4,low_diversity,1,512,id,3,OR3,66,0.8787878787878788,0.695906432748538
4,low_diversity,1,512,id,3,OR4,76,0.8947368421052632,0.638095238095238
4,low_diversity,1,512,id,3,XOR,72,0.4861111111111111,0.4914860681114551
4,low_diversity,1,512,id,3,XOR3,69,0.4782608695652174,0.4978448275862069
4,low_diversity,1,512,id,3,XOR4,77,0.5584415584415584,0.5560053981106613
4,low_diversity,1,512,ood,5,AND,84,0.6071428571428571,0.6211689237348539
4,low_diversity,1,512,ood,5,AND3,88,0.7272727272727273,0.4507042253521127
4,low_diversity,1,512,ood,5,AND4,72,0.7916666666666666,0.5659340659340659
4,low_diversity,1,512,ood,5,ATLEAST2_4,63,0.6507936507936508,0.5315964523281597
4,low_diversity,1,512,ood,5,EXACT1_3,62,0.5806451612903226,0.5801282051282051
4,low_diversity,1,512,ood,5,ITE3,79,0.6582278481012658,0.6340136054421769
4,low_diversity,1,512,ood,5,MAJ3,62,0.5806451612903226,0.6032432432432433
4,low_diversity,1,512,ood,5,NOT,63,0.47619047619047616,0.4692540322580645
4,low_diversity,1,512,ood,5,OR,71,0.676056338028169,0.5116396761133604
4,low_diversity,1,512,ood,5,OR3,60,0.85,0.6490384615384616
4,low_diversity,1,512,ood,5,OR4,76,0.9078947368421053,0.671830985915493
4,low_diversity,1,512,ood,5,XOR,76,0.4473684210526316,0.4597222222222222
4,low_diversity,1,512,ood,5,XOR3,62,0.43548387096774194,0.44497354497354497
4,low_diversity,1,512,ood,5,XOR4,82,0.5365853658536586,0.5199761478831246
4,low_diversity,2,512,id,3,AND,78,0.717948717948718,0.6611111111111112
4,low_diversity,2,512,id,3,AND3,74,0.8243243243243243,0.6452380952380953
4,low_diversity,2,512,id,3,AND4,69,0.8840579710144928,0.4621212121212121
4,low_diversity,2,512,id,3,ATLEAST2_4,81,0.6049382716049383,0.5383771929824561
4,low_diversity,2,512,id,3,EXACT1_3,69,0.5072463768115942,0.4322727272727273
4,low_diversity,2,512,id,3,ITE3,82,0.6341463414634146,0.6351190476190476
4,low_diversity,2,512,id,3,MAJ3,74,0.5405405405405406,0.5393939393939393
4,low_diversity,2,512,id,3,NOT,52,0.4230769230769231,0.4230769230769231
4,low_diversity,2,512,id,3,OR,61,0.6885245901639344,0.5634146341463415
4,low_diversity,2,512,id,3,OR3,66,0.8787878787878788,0.5555555555555556
4,low_diversity,2,512,id,3,OR4,76,0.881578947368421,0.7071428571428571
4,low_diversity,2,512,id,3,XOR,72,0.5833333333333334,0.5897832817337462
4,low_diversity,2,512,id,3,XOR3,69,0.4057971014492754,0.42586206896551726
4,low_diversity,2,512,id,3,XOR4,77,0.6103896103896104,0.6099865047233468
4,low_diversity,2,512,ood,5,AND,84,0.6309523809523809,0.5427655024946543
4,low_diversity,2,512,ood,5,AND3,88,0.6931818181818182,0.5414250207125103
4,low_diversity,2,512,ood,5,AND4,72,0.8194444444444444,0.6450549450549451
4,low_diversity,2,512,ood,5,ATLEAST2_4,63,0.6349206349206349,0.6036585365853658
4,low_diversity,2,512,ood,5,EXACT1_3,62,0.5161290322580645,0.5352564102564102
4,low_diversity,2,512,ood,5,ITE3,79,0.6329113924050633,0.6071428571428572
4,low_diversity,2,512,ood,5,MAJ3,62,0.532258064516129,0.48486486486486485
4,low_diversity,2,512,ood,5,NOT,63,0.5079365079365079,0.5030241935483871
4,low_diversity,2,512,ood,5,OR,71,0.6901408450704225,0.48785425101214575
4,low_diversity,2,512,ood,5,OR3,60,0.8666666666666667,0.5528846153846154
4,low_diversity,2,512,ood,5,OR4,76,0.9078947368421053,0.4859154929577465
4,low_diversity,2,512,ood,5,XOR,76,0.5,0.4986111111111111
4,low_diversity,2,512,ood,5,XOR3,62,0.5,0.4936507936507936
4,low_diversity,2,512,ood,5,XOR4,82,0.5,0.49224806201550386
4,higher_diversity,0,12000,id,3,AND,78,0.8333333333333334,0.7749999999999999
4,higher_diversity,0,12000,id,3,AND3,74,0.7972972972972973,0.655952380952381
4,higher_diversity,0,12000,id,3,AND4,69,0.9565217391304348,0.9772727272727273
4,higher_diversity,0,12000,id,3,ATLEAST2_4,81,0.7777777777777778,0.7456140350877193
4,higher_diversity,0,12000,id,3,EXACT1_3,69,0.5797101449275363,0.5754545454545454
4,higher_diversity,0,12000,id,3,ITE3,82,0.6829268292682927,0.6821428571428572
4,higher_diversity,0,12000,id,3,MAJ3,74,0.6621621621621622,0.6575757575757575
4,higher_diversity,0,12000,id,3,NOT,52,0.7307692307692307,0.7307692307692307
4,higher_diversity,0,12000,id,3,OR,61,0.9016393442622951,0.8884146341463415
4,higher_diversity,0,12000,id,3,OR3,66,0.8484848484848485,0.7719298245614035
4,higher_diversity,0,12000,id,3,OR4,76,0.9605263157894737,0.75
4,higher_diversity,0,12000,id,3,XOR,72,0.7777777777777778,0.7739938080495357
4,higher_diversity,0,12000,id,3,XOR3,69,0.5942028985507246,0.5741379310344827
4,higher_diversity,0,12000,id,3,XOR4,77,0.5714285714285714,0.5708502024291497
4,higher_diversity,0,12000,ood,5,AND,84,0.6904761904761905,0.6108339272986457
4,higher_diversity,0,12000,ood,5,AND3,88,0.7386363636363636,0.5472245236122618
4,higher_diversity,0,12000,ood,5,AND4,72,0.7777777777777778,0.6857142857142857
4,higher_diversity,0,12000,ood,5,ATLEAST2_4,63,0.7142857142857143,0.643569844789357
4,higher_diversity,0,12000,ood,5,EXACT1_3,62,0.5483870967741935,0.5523504273504274
4,higher_diversity,0,12000,ood,5,ITE3,79,0.6075949367088608,0.5738095238095238
4,higher_diversity,0,12000,ood,5,MAJ3,62,0.5,0.5162162162162163
4,higher_diversity,0,12000,ood,5,NOT,63,0.6190476190476191,0.6194556451612903
4,higher_diversity,0,12000,ood,5,OR,71,0.7323943661971831,0.583502024291498
4,higher_diversity,0,12000,ood,5,OR3,60,0.8666666666666667,0.8173076923076923
4,higher_diversity,0,12000,ood,5,OR4,76,0.9210526315789473,0.49295774647887325
4,higher_diversity,0,12000,ood,5,XOR,76,0.5526315789473685,0.5569444444444445
4,higher_diversity,0,12000,ood,5,XOR3,62,0.5161290322580645,0.5206349206349207
4,higher_diversity,0,12000,ood,5,XOR4,82,0.6219512195121951,0.6216457960644007
4,higher_diversity,1,12000,id,3,AND,78,0.8076923076923077,0.6805555555555556
4,higher_diversity,1,12000,id,3,AND3,74,0.7972972972972973,0.6011904761904762
4,higher_diversity,1,12000,id,3,AND4,69,0.927536231884058,0.6439393939393939
4,higher_diversity,1,12000,id,3,ATLEAST2_4,81,0.7160493827160493,0.6535087719298245
4,higher_diversity,1,12000,id,3,EXACT1_3,69,0.6086956521739131,0.5809090909090908
4,higher_diversity,1,12000,id,3,ITE3,82,0.6219512195121951,0.6190476190476191
4,higher_diversity,1,12000,id,3,MAJ3,74,0.7162162162162162,0.718939393939394
4,higher_diversity,1,12000,id,3,NOT,52,0.7115384615384616,0.7115384615384616
4,higher_diversity,1,12000,id,3,OR,61,0.9016393442622951,0.901219512195122
4,higher_diversity,1,12000,id,3,OR3,66,0.9090909090909091,0.8070175438596491
4,higher_diversity,1,12000,id,3,OR4,76,0.9342105263157895,0.6595238095238095
4,higher_diversity,1,12000,id,3,XOR,72,0.7916666666666666,0.7886996904024768
4,higher_diversity,1,12000,id,3,XOR3,69,0.4927536231884058,0.4961206896551724
4,higher_diversity,1,12000,id,3,XOR4,77,0.5714285714285714,0.5711875843454791
4,higher_diversity,1,12000,ood,5,AND,84,0.6666666666666666,0.5673556664290805
4,higher_diversity,1,12000,ood,5,AND3,88,0.7613636363636364,0.47183098591549294
4,higher_diversity,1,12000,ood,5,AND4,72,0.9027777777777778,0.5637362637362637
4,higher_diversity,1,12000,ood,5,ATLEAST2_4,63,0.6031746031746031,0.5476718403547671
4,higher_diversity,1,12000,ood,5,EXACT1_3,62,0.5161290322580645,0.47649572649572647
4,higher_diversity,1,12000,ood,5,ITE3,79,0.46835443037974683,0.48741496598639455
4,higher_diversity,1,12000,ood,5,MAJ3,62,0.5967741935483871,0.5778378378378378
4,higher_diversity,1,12000,ood,5,NOT,63,0.6984126984126984,0.6990927419354839
4,higher_diversity,1,12000,ood,5,OR,71,0.7746478873239436,0.6791497975708501
4,higher_diversity,1,12000,ood,5,OR3,60,0.8333333333333334,0.6923076923076923
4,higher_diversity,1,12000,ood,5,OR4,76,0.9078947368421053,0.4859154929577465
4,higher_diversity,1,12000,ood,5,XOR,76,0.39473684210526316,0.39305555555555555
4,higher_diversity,1,12000,ood,5,XOR3,62,0.46774193548387094,0.45238095238095233
4,higher_diversity,1,12000,ood,5,XOR4,82,0.45121951219512196,0.46124031007751937
4,higher_diversity,2,12000,id,3,AND,78,0.8076923076923077,0.7388888888888889
4,higher_diversity,2,12000,id,3,AND3,74,0.8243243243243243,0.6726190476190476
4,higher_diversity,2,12000,id,3,AND4,69,0.9565217391304348,0.5
4,higher_diversity,2,12000,id,3,ATLEAST2_4,81,0.7407407407407407,0.743421052631579
4,higher_diversity,2,12000,id,3,EXACT1_3,69,0.463768115942029,0.43272727272727274
4,higher_diversity,2,12000,id,3,ITE3,82,0.6463414634146342,0.6428571428571428
4,higher_diversity,2,12000,id,3,MAJ3,74,0.7162162162162162,0.7083333333333333
4,higher_diversity,2,12000,id,3,NOT,52,0.7307692307692307,0.7307692307692308
4,higher_diversity,2,12000,id,3,OR,61,0.8852459016393442,0.850609756097561
4,higher_diversity,2,12000,id,3,OR3,66,0.9393939393939394,0.7777777777777778
4,higher_diversity,2,12000,id,3,OR4,76,0.9473684210526315,0.7428571428571429
4,higher_diversity,2,12000,id,3,XOR,72,0.6944444444444444,0.6919504643962848
4,higher_diversity,2,12000,id,3,XOR3,69,0.4927536231884058,0.47715517241379307
4,higher_diversity,2,12000,id,3,XOR4,77,0.45454545454545453,0.4547908232118758
4,higher_diversity,2,12000,ood,5,AND,84,0.6666666666666666,0.6079828937990022
4,higher_diversity,2,12000,ood,5,AND3,88,0.7045454545454546,0.45898922949461474
4,higher_diversity,2,12000,ood,5,AND4,72,0.8472222222222222,0.5967032967032967
4,higher_diversity,2,12000,ood,5,ATLEAST2_4,63,0.6984126984126984,0.6313747228381374
4,higher_diversity,2,12000,ood,5,EXACT1_3,62,0.45161290322580644,0.4636752136752137
4,higher_diversity,2,12000,ood,5,ITE3,79,0.5063291139240507,0.46632653061224494
4,higher_diversity,2,12000,ood,5,MAJ3,62,0.5806451612903226,0.5708108108108108
4,higher_diversity,2,12000,ood,5,NOT,63,0.6190476190476191,0.6199596774193548
4,higher_diversity,2,12000,ood,5,OR,71,0.676056338028169,0.5450404858299595
4,higher_diversity,2,12000,ood,5,OR3,60,0.8666666666666667,0.7644230769230769
4,higher_diversity,2,12000,ood,5,OR4,76,0.9342105263157895,0.5
4,higher_diversity,2,12000,ood,5,XOR,76,0.5526315789473685,0.5680555555555555
4,higher_diversity,2,12000,ood,5,XOR3,62,0.41935483870967744,0.41798941798941797
4,higher_diversity,2,12000,ood,5,XOR4,82,0.4024390243902439,0.39326177698270726
6,low_diversity,0,512,id,3,AND,78,0.7307692307692307,0.6111111111111112
6,low_diversity,0,512,id,3,AND3,74,0.8378378378378378,0.5988095238095238
6,low_diversity,0,512,id,3,AND4,69,0.8695652173913043,0.6136363636363636
6,low_diversity,0,512,id,3,ATLEAST2_4,81,0.5679012345679012,0.5361842105263158
6,low_diversity,0,512,id,3,EXACT1_3,69,0.4492753623188406,0.4040909090909091
6,low_diversity,0,512,id,3,ITE3,82,0.6585365853658537,0.6601190476190476
6,low_diversity,0,512,id,3,MAJ3,74,0.6081081081081081,0.6174242424242424
6,low_diversity,0,512,id,3,NOT,52,0.5961538461538461,0.5961538461538461
6,low_diversity,0,512,id,3,OR,61,0.6885245901639344,0.6018292682926829
6,low_diversity,0,512,id,3,OR3,66,0.803030303030303,0.5584795321637427
6,low_diversity,0,512,id,3,OR4,76,0.9078947368421053,0.7214285714285714
6,low_diversity,0,512,id,3,XOR,72,0.625,0.6277089783281734
6,low_diversity,0,512,id,3,XOR3,69,0.463768115942029,0.4711206896551724
6,low_diversity,0,512,id,3,XOR4,77,0.4805194805194805,0.48110661268556004
6,low_diversity,0,512,ood,5,AND,84,0.75,0.597647897362794
6,low_diversity,0,512,ood,5,AND3,88,0.7954545454545454,0.49295774647887325
6,low_diversity,0,512,ood,5,AND4,72,0.8611111111111112,0.5406593406593406
6,low_diversity,0,512,ood,5,ATLEAST2_4,63,0.5873015873015873,0.5670731707317074
6,low_diversity,0,512,ood,5,EXACT1_3,62,0.46774193548387094,0.4722222222222222
6,low_diversity,0,512,ood,5,ITE3,79,0.6582278481012658,0.6534013605442177
6,low_diversity,0,512,ood,5,MAJ3,62,0.6290322580645161,0.5983783783783784
6,low_diversity,0,512,ood,5,NOT,63,0.4603174603174603,0.453125
6,low_diversity,0,512,ood,5,OR,71,0.6619718309859155,0.5688259109311741
6,low_diversity,0,512,ood,5,OR3,60,0.7333333333333333,0.5288461538461539
6,low_diversity,0,512,ood,5,OR4,76,0.881578947368421,0.47183098591549294
6,low_diversity,0,512,ood,5,XOR,76,0.5131578947368421,0.5013888888888889
6,low_diversity,0,512,ood,5,XOR3,62,0.5645161290322581,0.5338624338624338
6,low_diversity,0,512,ood,5,XOR4,82,0.32926829268292684,0.3342277877161598
6,low_diversity,1,512,id,3,AND,78,0.6794871794871795,0.5972222222222222
6,low_diversity,1,512,id,3,AND3,74,0.7972972972972973,0.49166666666666664
6,low_diversity,1,512,id,3,AND4,69,0.927536231884058,0.48484848484848486
6,low_diversity,1,512,id,3,ATLEAST2_4,81,0.6419753086419753,0.5526315789473684
6,low_diversity,1,512,id,3,EXACT1_3,69,0.5217391304347826,0.47818181818181815
6,low_diversity,1,512,id,3,ITE3,82,0.6341463414634146,0.6351190476190476
6,low_diversity,1,512,id,3,MAJ3,74,0.6756756756756757,0.6636363636363636
6,low_diversity,1,512,id,3,NOT,52,0.6923076923076923,0.6923076923076923
6,low_diversity,1,512,id,3,OR,61,0.8032786885245902,0.776829268292683
6,low_diversity,1,512,id,3,OR3,66,0.8636363636363636,0.6403508771929824
6,low_diversity,1,512,id,3,OR4,76,0.868421052631579,0.6238095238095238
6,low_diversity,1,512,id,3,XOR,72,0.5833333333333334,0.5913312693498453
6,low_diversity,1,512,id,3,XOR3,69,0.4782608695652174,0.4978448275862069
6,low_diversity,1,512,id,3,XOR4,77,0.5454545454545454,0.5435222672064777
6,low_diversity,1,512,ood,5,AND,84,0.5833333333333334,0.6183178902352102
6,low_diversity,1,512,ood,5,AND3,88,0.7386363636363636,0.48011599005799505
6,low_diversity,1,512,ood,5,AND4,72,0.7361111111111112,0.5989010989010989
6,low_diversity,1,512,ood,5,ATLEAST2_4,63,0.6507936507936508,0.5315964523281597
6,low_diversity,1,512,ood,5,EXACT1_3,62,0.5806451612903226,0.5854700854700855
6,low_diversity,1,512,ood,5,ITE3,79,0.6582278481012658,0.6404761904761904
6,low_diversity,1,512,ood,5,MAJ3,62,0.532258064516129,0.5821621621621622
6,low_diversity,1,512,ood,5,NOT,63,0.49206349206349204,0.485383064516129
6,low_diversity,1,512,ood,5,OR,71,0.6619718309859155,0.5020242914979757
6,low_diversity,1,512,ood,5,OR3,60,0.8833333333333333,0.6682692307692308
6,low_diversity,1,512,ood,5,OR4,76,0.8947368421052632,0.6647887323943662
6,low_diversity,1,512,ood,5,XOR,76,0.47368421052631576,0.4875
6,low_diversity,1,512,ood,5,XOR3,62,0.41935483870967744,0.4306878306878307
6,low_diversity,1,512,ood,5,XOR4,82,0.4878048780487805,0.4770423375074538
6,low_diversity,2,512,id,3,AND,78,0.7307692307692307,0.65
6,low_diversity,2,512,id,3,AND3,74,0.8108108108108109,0.5547619047619048
6,low_diversity,2,512,id,3,AND4,69,0.9130434782608695,0.4772727272727273
6,low_diversity,2,512,id,3,ATLEAST2_4,81,0.6049382716049383,0.5142543859649122
6,low_diversity,2,512,id,3,EXACT1_3,69,0.5362318840579711,0.455
6,low_diversity,2,512,id,3,ITE3,82,0.6341463414634146,0.6369047619047619
6,low_diversity,2,512,id,3,MAJ3,74,0.5405405405405406,0.5287878787878788
6,low_diversity,2,512,id,3,NOT,52,0.4807692307692308,0.4807692307692308
6,low_diversity,2,512,id,3,OR,61,0.6885245901639344,0.5634146341463415
6,low_diversity,2,512,id,3,OR3,66,0.8787878787878788,0.6023391812865497
6,low_diversity,2,512,id,3,OR4,76,0.9473684210526315,0.819047619047619
6,low_diversity,2,512,id,3,XOR,72,0.625,0.6308049535603715
6,low_diversity,2,512,id,3,XOR3,69,0.4927536231884058,0.5150862068965517
6,low_diversity,2,512,id,3,XOR4,77,0.5064935064935064,0.5077597840755735
6,low_diversity,2,512,ood,5,AND,84,0.7142857142857143,0.6813970064148254
6,low_diversity,2,512,ood,5,AND3,88,0.7386363636363636,0.6143330571665286
6,low_diversity,2,512,ood,5,AND4,72,0.8333333333333334,0.7164835164835165
6,low_diversity,2,512,ood,5,ATLEAST2_4,63,0.7142857142857143,0.6541019955654102
6,low_diversity,2,512,ood,5,EXACT1_3,62,0.532258064516129,0.5544871794871795
6,low_diversity,2,512,ood,5,ITE3,79,0.5316455696202531,0.5448979591836735
6,low_diversity,2,512,ood,5,MAJ3,62,0.5806451612903226,0.5513513513513514
6,low_diversity,2,512,ood,5,NOT,63,0.4126984126984127,0.407258064516129
6,low_diversity,2,512,ood,5,OR,71,0.704225352112676,0.4974696356275303
6,low_diversity,2,512,ood,5,OR3,60,0.8666666666666667,0.5528846153846154
6,low_diversity,2,512,ood,5,OR4,76,0.9342105263157895,0.5
6,low_diversity,2,512,ood,5,XOR,76,0.4868421052631579,0.49583333333333335
6,low_diversity,2,512,ood,5,XOR3,62,0.5,0.4978835978835978
6,low_diversity,2,512,ood,5,XOR4,82,0.5365853658536586,0.5354800238521169
6,higher_diversity,0,12000,id,3,AND,78,0.8076923076923077,0.7194444444444444
6,higher_diversity,0,12000,id,3,AND3,74,0.8243243243243243,0.7
6,higher_diversity,0,12000,id,3,AND4,69,0.9710144927536232,0.9848484848484849
6,higher_diversity,0,12000,id,3,ATLEAST2_4,81,0.7037037037037037,0.680921052631579
6,higher_diversity,0,12000,id,3,EXACT1_3,69,0.5797101449275363,0.5409090909090909
6,higher_diversity,0,12000,id,3,ITE3,82,0.5609756097560976,0.5601190476190476
6,higher_diversity,0,12000,id,3,MAJ3,74,0.6621621621621622,0.6787878787878788
6,higher_diversity,0,12000,id,3,NOT,52,0.7884615384615384,0.7884615384615385
6,higher_diversity,0,12000,id,3,OR,61,0.9180327868852459,0.926219512195122
6,higher_diversity,0,12000,id,3,OR3,66,0.8939393939393939,0.7982456140350878
6,higher_diversity,0,12000,id,3,OR4,76,0.9210526315789473,0.7285714285714286
6,higher_diversity,0,12000,id,3,XOR,72,0.6805555555555556,0.6772445820433437
6,higher_diversity,0,12000,id,3,XOR3,69,0.5942028985507246,0.6073275862068965
6,higher_diversity,0,12000,id,3,XOR4,77,0.6623376623376623,0.6629554655870445
6,higher_diversity,0,12000,ood,5,AND,84,0.6666666666666666,0.5944404846756949
6,higher_diversity,0,12000,ood,5,AND3,88,0.7613636363636364,0.5613090306545153
6,higher_diversity,0,12000,ood,5,AND4,72,0.8055555555555556,0.5736263736263736
6,higher_diversity,0,12000,ood,5,ATLEAST2_4,63,0.7936507936507936,0.7466740576496674
6,higher_diversity,0,12000,ood,5,EXACT1_3,62,0.5806451612903226,0.5641025641025641
6,higher_diversity,0,12000,ood,5,ITE3,79,0.5316455696202531,0.49965986394557826
6,higher_diversity,0,12000,ood,5,MAJ3,62,0.5161290322580645,0.5297297297297298
6,higher_diversity,0,12000,ood,5,NOT,63,0.5873015873015873,0.5866935483870968
6,higher_diversity,0,12000,ood,5,OR,71,0.7746478873239436,0.645748987854251
6,higher_diversity,0,12000,ood,5,OR3,60,0.9,0.7836538461538461
6,higher_diversity,0,12000,ood,5,OR4,76,0.881578947368421,0.47183098591549294
6,higher_diversity,0,12000,ood,5,XOR,76,0.5,0.5055555555555555
6,higher_diversity,0,12000,ood,5,XOR3,62,0.4838709677419355,0.48783068783068784
6,higher_diversity,0,12000,ood,5,XOR4,82,0.5,0.4994036970781157
6,higher_diversity,1,12000,id,3,AND,78,0.8461538461538461,0.7638888888888888
6,higher_diversity,1,12000,id,3,AND3,74,0.8243243243243243,0.6178571428571429
6,higher_diversity,1,12000,id,3,AND4,69,0.927536231884058,0.6439393939393939
6,higher_diversity,1,12000,id,3,ATLEAST2_4,81,0.7530864197530864,0.7401315789473684
6,higher_diversity,1,12000,id,3,EXACT1_3,69,0.6376811594202898,0.6036363636363636
6,higher_diversity,1,12000,id,3,ITE3,82,0.6463414634146342,0.6470238095238096
6,higher_diversity,1,12000,id,3,MAJ3,74,0.6891891891891891,0.6803030303030303
6,higher_diversity,1,12000,id,3,NOT,52,0.7307692307692307,0.7307692307692308
6,higher_diversity,1,12000,id,3,OR,61,0.8852459016393442,0.901829268292683
6,higher_diversity,1,12000,id,3,OR3,66,0.8636363636363636,0.7339181286549707
6,higher_diversity,1,12000,id,3,OR4,76,0.9473684210526315,0.7428571428571429
6,higher_diversity,1,12000,id,3,XOR,72,0.6527777777777778,0.6540247678018576
6,higher_diversity,1,12000,id,3,XOR3,69,0.5652173913043478,0.5633620689655172
6,higher_diversity,1,12000,id,3,XOR4,77,0.5454545454545454,0.546221322537112
6,higher_diversity,1,12000,ood,5,AND,84,0.7023809523809523,0.6325730577334283
6,higher_diversity,1,12000,ood,5,AND3,88,0.8068181818181818,0.5447390223695112
6,higher_diversity,1,12000,ood,5,AND4,72,0.875,0.5483516483516484
6,higher_diversity,1,12000,ood,5,ATLEAST2_4,63,0.6666666666666666,0.6385809312638581
6,higher_diversity,1,12000,ood,5,EXACT1_3,62,0.46774193548387094,0.44017094017094016
6,higher_diversity,1,12000,ood,5,ITE3,79,0.6455696202531646,0.6238095238095238
6,higher_diversity,1,12000,ood,5,MAJ3,62,0.5645161290322581,0.5508108108108107
6,higher_diversity,1,12000,ood,5,NOT,63,0.7142857142857143,0.7142137096774194
6,higher_diversity,1,12000,ood,5,OR,71,0.676056338028169,0.5951417004048583
6,higher_diversity,1,12000,ood,5,OR3,60,0.9166666666666666,0.8461538461538461
6,higher_diversity,1,12000,ood,5,OR4,76,0.8289473684210527,0.44366197183098594
6,higher_diversity,1,12000,ood,5,XOR,76,0.5131578947368421,0.5027777777777778
6,higher_diversity,1,12000,ood,5,XOR3,62,0.5,0.48518518518518516
6,higher_diversity,1,12000,ood,5,XOR4,82,0.5,0.5065593321407276
6,higher_diversity,2,12000,id,3,AND,78,0.7692307692307693,0.6166666666666667
6,higher_diversity,2,12000,id,3,AND3,74,0.7972972972972973,0.655952380952381
6,higher_diversity,2,12000,id,3,AND4,69,0.9420289855072463,0.8106060606060606
6,higher_diversity,2,12000,id,3,ATLEAST2_4,81,0.7283950617283951,0.7587719298245614
6,higher_diversity,2,12000,id,3,EXACT1_3,69,0.5362318840579711,0.5154545454545455
6,higher_diversity,2,12000,id,3,ITE3,82,0.5975609756097561,0.5970238095238095
6,higher_diversity,2,12000,id,3,MAJ3,74,0.6621621621621622,0.6522727272727273
6,higher_diversity,2,12000,id,3,NOT,52,0.8076923076923077,0.8076923076923077
6,higher_diversity,2,12000,id,3,OR,61,0.9016393442622951,0.8884146341463415
6,higher_diversity,2,12000,id,3,OR3,66,0.9242424242424242,0.9093567251461988
6,higher_diversity,2,12000,id,3,OR4,76,0.9078947368421053,0.7214285714285714
6,higher_diversity,2,12000,id,3,XOR,72,0.6944444444444444,0.6904024767801857
6,higher_diversity,2,12000,id,3,XOR3,69,0.4492753623188406,0.4538793103448276
6,higher_diversity,2,12000,id,3,XOR4,77,0.5064935064935064,0.5060728744939271
6,higher_diversity,2,12000,ood,5,AND,84,0.6666666666666666,0.5944404846756949
6,higher_diversity,2,12000,ood,5,AND3,88,0.75,0.531897265948633
6,higher_diversity,2,12000,ood,5,AND4,72,0.8888888888888888,0.5560439560439561
6,higher_diversity,2,12000,ood,5,ATLEAST2_4,63,0.5714285714285714,0.6075388026607539
6,higher_diversity,2,12000,ood,5,EXACT1_3,62,0.5645161290322581,0.5555555555555556
6,higher_diversity,2,12000,ood,5,ITE3,79,0.6075949367088608,0.5738095238095238
6,higher_diversity,2,12000,ood,5,MAJ3,62,0.5645161290322581,0.5572972972972974
6,higher_diversity,2,12000,ood,5,NOT,63,0.6507936507936508,0.6507056451612903
6,higher_diversity,2,12000,ood,5,OR,71,0.704225352112676,0.6644736842105263
6,higher_diversity,2,12000,ood,5,OR3,60,0.85,0.8076923076923077
6,higher_diversity,2,12000,ood,5,OR4,76,0.8552631578947368,0.7366197183098591
6,higher_diversity,2,12000,ood,5,XOR,76,0.6052631578947368,0.6125
6,higher_diversity,2,12000,ood,5,XOR3,62,0.532258064516129,0.5095238095238095
6,higher_diversity,2,12000,ood,5,XOR4,82,0.45121951219512196,0.4576624925462135
