architecture_layers,condition,seed,train_size,rewrite,count,identity_error,transport_error,cka,activation_variance
2,low_diversity,0,512,commute_and,96,1.2060565948486328,1.2213809490203857,0.19032610952854156,0.9136478900909424
2,low_diversity,0,512,double_negation_expand,96,2.461798906326294,1.4153109788894653,0.07592868059873581,0.9603176116943359
2,low_diversity,0,512,double_negation_reduce,96,2.236496686935425,1.6093910932540894,0.02012440375983715,0.9717617630958557
2,low_diversity,0,512,commute_and_under_not,96,2.005922317504883,2.0304832458496094,0.014444377273321152,0.4718571901321411
2,low_diversity,0,512,demorgan_and,96,2.872145652770996,0.7046302556991577,0.059997815638780594,0.9829093813896179
2,low_diversity,0,512,commute_or,96,1.52620267868042,1.546183466911316,0.0775492787361145,0.5033524036407471
2,low_diversity,0,512,demorgan_and_inverse,96,2.8607370853424072,0.8149884343147278,0.03317413479089737,0.9798570275306702
2,low_diversity,0,512,commute_or_under_not,96,1.9072961807250977,1.9294942617416382,0.013125279918313026,0.4958336353302002
2,low_diversity,0,512,demorgan_or,96,2.0968070030212402,1.351230263710022,0.041706450283527374,0.8825107216835022
2,low_diversity,0,512,demorgan_or_inverse,96,1.9791631698608398,1.248317003250122,0.06377185881137848,0.8770880699157715
2,low_diversity,0,512,associate_and_right,96,0.6361125111579895,0.6586999297142029,0.4980192184448242,0.9255397915840149
2,low_diversity,0,512,associate_and_left,96,0.43474867939949036,0.45791420340538025,0.6407361030578613,0.9119662642478943
2,low_diversity,0,512,swap_and3_12,96,1.4450805187225342,1.6671142578125,0.05561000853776932,0.21129274368286133
2,low_diversity,0,512,swap_and3_23,96,1.4248864650726318,1.4990735054016113,0.07958609610795975,0.3825055658817291
2,low_diversity,0,512,commute_and_in_context,96,0.6161659359931946,0.6786379218101501,0.5600225925445557,0.41008004546165466
2,low_diversity,0,512,commute_or_in_context,96,0.6705845594406128,0.7069078683853149,0.4674414098262787,0.4852890968322754
2,low_diversity,0,512,commute_xor_in_context,96,0.5095073580741882,0.555799663066864,0.5695521235466003,0.36201703548431396
2,low_diversity,0,512,distribute_and_over_or_left,96,1.7583552598953247,1.071872353553772,0.15396606922149658,0.9547616839408875
2,low_diversity,0,512,distribute_and_over_or_right,96,1.717971682548523,1.1104276180267334,0.14812196791172028,0.9270680546760559
2,low_diversity,0,512,parallel_commute_and,96,1.045216679573059,1.0801066160202026,0.2900921404361725,0.5460946559906006
2,low_diversity,0,512,distribute_and_over_or_left_inverse,96,1.7954412698745728,1.087602972984314,0.17486236989498138,0.9545460343360901
2,low_diversity,0,512,ite_expand,96,1.6919233798980713,1.225136160850525,0.1560012549161911,0.9265470504760742
2,low_diversity,0,512,ite_reduce,96,2.3114078044891357,1.5452594757080078,0.007098043337464333,0.8783204555511475
2,low_diversity,0,512,majority_duality,96,1.8681848049163818,1.2785108089447021,0.10863106697797775,0.8162830471992493
2,low_diversity,0,512,majority_duality_inverse,96,2.0679638385772705,1.396875262260437,0.038476016372442245,0.7920913696289062
2,low_diversity,0,512,swap_exact1_12,96,1.4117733240127563,1.4463071823120117,0.0848371833562851,0.9034910202026367
2,low_diversity,0,512,swap_exact1_23,96,1.5368062257766724,1.5757118463516235,0.05681689456105232,0.9019535183906555
2,low_diversity,1,512,commute_and,96,1.487839937210083,1.521346926689148,0.062375444918870926,0.8772799372673035
2,low_diversity,1,512,double_negation_expand,96,2.7055208683013916,1.1657910346984863,0.14354875683784485,0.8722877502441406
2,low_diversity,1,512,double_negation_reduce,96,2.3165321350097656,1.6126700639724731,0.02489667572081089,0.9583659172058105
2,low_diversity,1,512,commute_and_under_not,96,1.8049864768981934,1.841580867767334,0.01522055733948946,0.2082996815443039
2,low_diversity,1,512,demorgan_and,96,3.3274006843566895,0.49912869930267334,0.023386236280202866,0.9851674437522888
2,low_diversity,1,512,commute_or,96,1.7222013473510742,1.7439261674880981,0.08967695385217667,0.10450895875692368
2,low_diversity,1,512,demorgan_and_inverse,96,3.5107979774475098,0.3723878562450409,0.01512941811233759,0.9850311875343323
2,low_diversity,1,512,commute_or_under_not,96,1.6668052673339844,1.6494303941726685,0.034963399171829224,0.21783791482448578
2,low_diversity,1,512,demorgan_or,96,2.2667346000671387,1.1633765697479248,0.046459946781396866,0.8454325795173645
2,low_diversity,1,512,demorgan_or_inverse,96,2.3758554458618164,1.1485997438430786,0.06381294131278992,0.7639828324317932
2,low_diversity,1,512,associate_and_right,96,0.8190414905548096,0.8550170660018921,0.35045018792152405,0.8106034398078918
2,low_diversity,1,512,associate_and_left,96,0.5111697316169739,0.5506430268287659,0.579947292804718,0.9123371243476868
2,low_diversity,1,512,swap_and3_12,96,1.2929848432540894,1.3795139789581299,0.16636955738067627,0.08046887069940567
2,low_diversity,1,512,swap_and3_23,96,1.3525387048721313,1.4118692874908447,0.12624168395996094,0.1653667390346527
2,low_diversity,1,512,commute_and_in_context,96,0.9931585192680359,1.0583808422088623,0.2646028399467468,0.9100458025932312
2,low_diversity,1,512,commute_or_in_context,96,0.6404082179069519,0.6904962062835693,0.45348501205444336,0.9076403975486755
2,low_diversity,1,512,commute_xor_in_context,96,0.41324207186698914,0.44162309169769287,0.6998268365859985,0.9171982407569885
2,low_diversity,1,512,distribute_and_over_or_left,96,2.198817253112793,1.0518031120300293,0.09162572771310806,0.9504184722900391
2,low_diversity,1,512,distribute_and_over_or_right,96,2.177452564239502,1.2322850227355957,0.04481178894639015,0.9119332432746887
2,low_diversity,1,512,parallel_commute_and,96,1.2713960409164429,1.3207112550735474,0.15520347654819489,0.49645495414733887
2,low_diversity,1,512,distribute_and_over_or_left_inverse,96,1.9401708841323853,0.956489622592926,0.18624477088451385,0.9017501473426819
2,low_diversity,1,512,ite_expand,96,2.2470932006835938,1.2696806192398071,0.036285270005464554,0.9502029418945312
2,low_diversity,1,512,ite_reduce,96,2.4159862995147705,1.1392278671264648,0.034481022506952286,0.9290019869804382
2,low_diversity,1,512,majority_duality,96,2.445042133331299,1.3270151615142822,0.024524187669157982,0.7919793128967285
2,low_diversity,1,512,majority_duality_inverse,96,2.3501760959625244,1.4713475704193115,0.023381441831588745,0.8721659183502197
2,low_diversity,1,512,swap_exact1_12,96,1.075068712234497,1.088826060295105,0.25096359848976135,0.8167712092399597
2,low_diversity,1,512,swap_exact1_23,96,0.7629905939102173,0.8147940039634705,0.4133152663707733,0.8433530926704407
2,low_diversity,2,512,commute_and,96,1.5704357624053955,1.5842357873916626,0.06700257956981659,0.8258075714111328
2,low_diversity,2,512,double_negation_expand,96,2.38806414604187,1.4354215860366821,0.06398294121026993,0.9531380534172058
2,low_diversity,2,512,double_negation_reduce,96,2.073990821838379,1.6353657245635986,0.012069943360984325,0.9705245494842529
2,low_diversity,2,512,commute_and_under_not,96,1.7707687616348267,1.960276484489441,0.02034876123070717,0.7315539717674255
2,low_diversity,2,512,demorgan_and,96,2.5955162048339844,0.8757565021514893,0.0700530856847763,0.964195191860199
2,low_diversity,2,512,commute_or,96,1.3710439205169678,1.414222240447998,0.13907396793365479,0.40285611152648926
2,low_diversity,2,512,demorgan_and_inverse,96,2.6295619010925293,0.987530529499054,0.023776842281222343,0.9716811180114746
2,low_diversity,2,512,commute_or_under_not,96,1.5735235214233398,1.6484744548797607,0.071464903652668,0.6670101284980774
2,low_diversity,2,512,demorgan_or,96,1.5931363105773926,1.565080165863037,0.04494766518473625,0.7650502324104309
2,low_diversity,2,512,demorgan_or_inverse,96,1.5978343486785889,1.5218226909637451,0.042926181107759476,0.8356569409370422
2,low_diversity,2,512,associate_and_right,96,0.9797669053077698,1.0170904397964478,0.24939610064029694,0.7870030999183655
2,low_diversity,2,512,associate_and_left,96,0.6400906443595886,0.689537763595581,0.4784890115261078,0.718015193939209
2,low_diversity,2,512,swap_and3_12,96,1.2380403280258179,1.2995723485946655,0.1640327274799347,0.6856102347373962
2,low_diversity,2,512,swap_and3_23,96,1.3255106210708618,1.4241881370544434,0.12527844309806824,0.634792685508728
2,low_diversity,2,512,commute_and_in_context,96,1.1717692613601685,1.2276617288589478,0.1547575145959854,0.7781537175178528
2,low_diversity,2,512,commute_or_in_context,96,0.8484640121459961,0.9026287794113159,0.3324672281742096,0.882256031036377
2,low_diversity,2,512,commute_xor_in_context,96,0.49247729778289795,0.5291539430618286,0.5991644263267517,0.8101822733879089
2,low_diversity,2,512,distribute_and_over_or_left,96,2.5921664237976074,0.9841602444648743,0.05102609843015671,0.9672067761421204
2,low_diversity,2,512,distribute_and_over_or_right,96,2.411726236343384,1.0949598550796509,0.04718295857310295,0.962332546710968
2,low_diversity,2,512,parallel_commute_and,96,1.3907486200332642,1.4353431463241577,0.14756053686141968,0.4074150323867798
2,low_diversity,2,512,distribute_and_over_or_left_inverse,96,2.6402013301849365,1.03433096408844,0.02707328088581562,0.9643355011940002
2,low_diversity,2,512,ite_expand,96,2.4140334129333496,1.4905728101730347,0.009483521804213524,0.8972978591918945
2,low_diversity,2,512,ite_reduce,96,2.5003347396850586,1.4173742532730103,0.01029805839061737,0.8544125556945801
2,low_diversity,2,512,majority_duality,96,1.3740174770355225,1.3299535512924194,0.1407691389322281,0.7950558662414551
2,low_diversity,2,512,majority_duality_inverse,96,1.506959319114685,1.4279992580413818,0.07491756975650787,0.8809676170349121
2,low_diversity,2,512,swap_exact1_12,96,1.2855907678604126,1.3660763502120972,0.1392480731010437,0.9565594792366028
2,low_diversity,2,512,swap_exact1_23,96,1.2739877700805664,1.3326690196990967,0.1496799886226654,0.9456601738929749
2,higher_diversity,0,12000,commute_and,96,1.2284502983093262,1.2661799192428589,0.22859583795070648,0.7388596534729004
2,higher_diversity,0,12000,double_negation_expand,96,2.551034450531006,1.2303472757339478,0.3376532793045044,0.643231213092804
2,higher_diversity,0,12000,double_negation_reduce,96,2.4851462841033936,1.2626279592514038,0.1992434412240982,0.6526005864143372
2,higher_diversity,0,12000,commute_and_under_not,96,1.065623164176941,1.1194024085998535,0.42066729068756104,0.09379593282938004
2,higher_diversity,0,12000,demorgan_and,96,2.531769037246704,0.7557929754257202,0.24924138188362122,0.39001670479774475
2,higher_diversity,0,12000,commute_or,96,1.2326890230178833,1.3678512573242188,0.21903157234191895,0.2805323302745819
2,higher_diversity,0,12000,demorgan_and_inverse,96,2.6219656467437744,0.7857022881507874,0.19184279441833496,0.3917619287967682
2,higher_diversity,0,12000,commute_or_under_not,96,1.1359251737594604,1.1935079097747803,0.2788613438606262,0.09496095031499863
2,higher_diversity,0,12000,demorgan_or,96,2.362545967102051,0.9966985583305359,0.1627606302499771,0.38740554451942444
2,higher_diversity,0,12000,demorgan_or_inverse,96,2.428821325302124,0.9100955724716187,0.2860667407512665,0.3616737425327301
2,higher_diversity,0,12000,associate_and_right,96,0.6066350340843201,0.6512781977653503,0.5349328517913818,0.5615968704223633
2,higher_diversity,0,12000,associate_and_left,96,0.42242613434791565,0.48480507731437683,0.694078266620636,0.648664653301239
2,higher_diversity,0,12000,swap_and3_12,96,0.9943497776985168,1.1174533367156982,0.37408164143562317,0.4096353054046631
2,higher_diversity,0,12000,swap_and3_23,96,0.7546929717063904,0.873586118221283,0.44850730895996094,0.4595182240009308
2,higher_diversity,0,12000,commute_and_in_context,96,0.5796071290969849,0.6649463772773743,0.5543751120567322,0.7822228074073792
2,higher_diversity,0,12000,commute_or_in_context,96,0.6080743074417114,0.6757238507270813,0.5419069528579712,0.7805410027503967
2,higher_diversity,0,12000,commute_xor_in_context,96,0.5306293964385986,0.5880026817321777,0.6187385320663452,0.7696784138679504
2,higher_diversity,0,12000,distribute_and_over_or_left,96,1.3786115646362305,0.9467183351516724,0.31253722310066223,0.8457600474357605
2,higher_diversity,0,12000,distribute_and_over_or_right,96,1.540637731552124,1.1614742279052734,0.17621548473834991,0.8069055676460266
2,higher_diversity,0,12000,parallel_commute_and,96,1.0256893634796143,1.0994970798492432,0.3149900436401367,0.7296677231788635
2,higher_diversity,0,12000,distribute_and_over_or_left_inverse,96,1.487768530845642,1.0068084001541138,0.24511103332042694,0.876141369342804
2,higher_diversity,0,12000,ite_expand,96,1.6908268928527832,1.3570345640182495,0.14625324308872223,0.8582385182380676
2,higher_diversity,0,12000,ite_reduce,96,1.705815076828003,1.3380504846572876,0.14993299543857574,0.8408219218254089
2,higher_diversity,0,12000,majority_duality,96,2.473557710647583,0.9781625270843506,0.2008877992630005,0.3647589683532715
2,higher_diversity,0,12000,majority_duality_inverse,96,2.500321388244629,0.9699091911315918,0.1802114099264145,0.39462313055992126
2,higher_diversity,0,12000,swap_exact1_12,96,1.0824085474014282,1.2129583358764648,0.3173562288284302,0.16759823262691498
2,higher_diversity,0,12000,swap_exact1_23,96,0.8571053743362427,1.0717496871948242,0.40897005796432495,0.1963653564453125
2,higher_diversity,1,12000,commute_and,96,1.149792194366455,1.2121739387512207,0.2726146876811981,0.7794424891471863
2,higher_diversity,1,12000,double_negation_expand,96,2.434295892715454,1.1444381475448608,0.29564839601516724,0.6719163060188293
2,higher_diversity,1,12000,double_negation_reduce,96,2.4244673252105713,1.2296562194824219,0.17071989178657532,0.711785614490509
2,higher_diversity,1,12000,commute_and_under_not,96,0.8511593341827393,0.9029850363731384,0.598767101764679,0.10263518244028091
2,higher_diversity,1,12000,demorgan_and,96,2.2363646030426025,0.8427790999412537,0.32784202694892883,0.41220736503601074
2,higher_diversity,1,12000,commute_or,96,1.325310230255127,1.4595593214035034,0.21701431274414062,0.44157668948173523
2,higher_diversity,1,12000,demorgan_and_inverse,96,2.1500306129455566,0.8910496234893799,0.3454866111278534,0.4107632637023926
2,higher_diversity,1,12000,commute_or_under_not,96,0.8755812048912048,0.9037662744522095,0.534533679485321,0.17752552032470703
2,higher_diversity,1,12000,demorgan_or,96,2.1441609859466553,0.9256559610366821,0.24344702064990997,0.4948631525039673
2,higher_diversity,1,12000,demorgan_or_inverse,96,2.0841867923736572,0.8949782848358154,0.2630113661289215,0.5097172856330872
2,higher_diversity,1,12000,associate_and_right,96,0.5945351719856262,0.647639811038971,0.6124881505966187,0.6884060502052307
2,higher_diversity,1,12000,associate_and_left,96,0.5367194414138794,0.5874249339103699,0.5371421575546265,0.7221298813819885
2,higher_diversity,1,12000,swap_and3_12,96,1.2082993984222412,1.3472110033035278,0.17390668392181396,0.38610708713531494
2,higher_diversity,1,12000,swap_and3_23,96,0.681007444858551,0.7641108632087708,0.49680522084236145,0.5801404118537903
2,higher_diversity,1,12000,commute_and_in_context,96,0.531080424785614,0.6180459260940552,0.5634751915931702,0.830845832824707
2,higher_diversity,1,12000,commute_or_in_context,96,0.6212671399116516,0.6863227486610413,0.4454927146434784,0.8020630478858948
2,higher_diversity,1,12000,commute_xor_in_context,96,0.5527642369270325,0.6136415004730225,0.5715901851654053,0.8008068203926086
2,higher_diversity,1,12000,distribute_and_over_or_left,96,1.1984596252441406,0.9821523427963257,0.3031952381134033,0.8762657046318054
2,higher_diversity,1,12000,distribute_and_over_or_right,96,1.031089425086975,0.9945193529129028,0.3240897059440613,0.8897013664245605
2,higher_diversity,1,12000,parallel_commute_and,96,0.9340692162513733,1.0061620473861694,0.4240376651287079,0.8798458576202393
2,higher_diversity,1,12000,distribute_and_over_or_left_inverse,96,1.0568597316741943,0.9090114831924438,0.4161919355392456,0.8918981552124023
2,higher_diversity,1,12000,ite_expand,96,1.68791925907135,1.4194425344467163,0.15595270693302155,0.900271475315094
2,higher_diversity,1,12000,ite_reduce,96,1.5005747079849243,1.2809563875198364,0.19413107633590698,0.8738343119621277
2,higher_diversity,1,12000,majority_duality,96,2.1533873081207275,0.9854483604431152,0.28418484330177307,0.4223299026489258
2,higher_diversity,1,12000,majority_duality_inverse,96,2.061617374420166,1.0365996360778809,0.28427308797836304,0.44547000527381897
2,higher_diversity,1,12000,swap_exact1_12,96,0.7735920548439026,0.8317830562591553,0.5424093008041382,0.1984703093767166
2,higher_diversity,1,12000,swap_exact1_23,96,0.5200961232185364,0.6669281125068665,0.6319538950920105,0.21170270442962646
2,higher_diversity,2,12000,commute_and,96,1.2598856687545776,1.3612648248672485,0.19910095632076263,0.7861935496330261
2,higher_diversity,2,12000,double_negation_expand,96,2.296165943145752,1.2801096439361572,0.19597715139389038,0.6652346253395081
2,higher_diversity,2,12000,double_negation_reduce,96,2.3584582805633545,1.2504197359085083,0.12831450998783112,0.6780633330345154
2,higher_diversity,2,12000,commute_and_under_not,96,1.042827844619751,1.1408135890960693,0.4486035406589508,0.15197515487670898
2,higher_diversity,2,12000,demorgan_and,96,2.1292941570281982,0.8846664428710938,0.20016664266586304,0.329446405172348
2,higher_diversity,2,12000,commute_or,96,1.4460563659667969,1.446342945098877,0.17141208052635193,0.2956670820713043
2,higher_diversity,2,12000,demorgan_and_inverse,96,2.0229735374450684,0.8643683791160583,0.29895079135894775,0.3342944085597992
2,higher_diversity,2,12000,commute_or_under_not,96,0.9174511432647705,0.9867201447486877,0.5203436613082886,0.19211025536060333
2,higher_diversity,2,12000,demorgan_or,96,1.9238029718399048,1.1209980249404907,0.2391413152217865,0.5069521069526672
2,higher_diversity,2,12000,demorgan_or_inverse,96,1.8354918956756592,1.0391813516616821,0.2464931458234787,0.5055453777313232
2,higher_diversity,2,12000,associate_and_right,96,0.5567878484725952,0.5984591841697693,0.5612196326255798,0.7025995254516602
2,higher_diversity,2,12000,associate_and_left,96,0.32249441742897034,0.3697465658187866,0.7749731540679932,0.7709269523620605
2,higher_diversity,2,12000,swap_and3_12,96,1.0327520370483398,1.1408486366271973,0.2536357045173645,0.4814751148223877
2,higher_diversity,2,12000,swap_and3_23,96,1.056828498840332,1.1650915145874023,0.22510947287082672,0.4975128173828125
2,higher_diversity,2,12000,commute_and_in_context,96,0.5316123962402344,0.5847178101539612,0.5550541877746582,0.792441189289093
2,higher_diversity,2,12000,commute_or_in_context,96,0.6441588997840881,0.7205599546432495,0.45989081263542175,0.7767431139945984
2,higher_diversity,2,12000,commute_xor_in_context,96,0.5882506966590881,0.6353654861450195,0.5017940998077393,0.7777240872383118
2,higher_diversity,2,12000,distribute_and_over_or_left,96,1.4496687650680542,0.9733260869979858,0.3350507318973541,0.854792594909668
2,higher_diversity,2,12000,distribute_and_over_or_right,96,1.5014593601226807,0.9777625203132629,0.34064871072769165,0.8376224040985107
2,higher_diversity,2,12000,parallel_commute_and,96,0.9810516834259033,1.0234174728393555,0.3830054700374603,0.6234346032142639
2,higher_diversity,2,12000,distribute_and_over_or_left_inverse,96,1.6767017841339111,1.162691593170166,0.17683742940425873,0.822612464427948
2,higher_diversity,2,12000,ite_expand,96,1.8133292198181152,1.180820345878601,0.1678284853696823,0.6954023241996765
2,higher_diversity,2,12000,ite_reduce,96,2.010064125061035,1.3640341758728027,0.10659666359424591,0.689396858215332
2,higher_diversity,2,12000,majority_duality,96,1.982954740524292,1.1711796522140503,0.16759975254535675,0.43411269783973694
2,higher_diversity,2,12000,majority_duality_inverse,96,2.048809289932251,1.175958514213562,0.2278677076101303,0.41708502173423767
2,higher_diversity,2,12000,swap_exact1_12,96,0.8847597241401672,0.9588743448257446,0.36951538920402527,0.1508922576904297
2,higher_diversity,2,12000,swap_exact1_23,96,0.9022409319877625,1.0393787622451782,0.398236483335495,0.18133385479450226
4,low_diversity,0,512,commute_and,96,0.9460453391075134,0.9603493213653564,0.31246086955070496,0.7813258171081543
4,low_diversity,0,512,double_negation_expand,96,2.2976696491241455,1.5917421579360962,0.049965083599090576,0.9804967045783997
4,low_diversity,0,512,double_negation_reduce,96,2.0394816398620605,1.805702567100525,0.013315252959728241,0.9962791800498962
4,low_diversity,0,512,commute_and_under_not,96,1.8457036018371582,1.8591868877410889,0.018044866621494293,0.26921045780181885
4,low_diversity,0,512,demorgan_and,96,2.957441806793213,0.6947952508926392,0.038819681853055954,0.9765439033508301
4,low_diversity,0,512,commute_or,96,1.4375015497207642,1.6332975625991821,0.0658494234085083,0.3537149429321289
4,low_diversity,0,512,demorgan_and_inverse,96,3.2009453773498535,0.5663871765136719,0.028935590758919716,0.9885757565498352
4,low_diversity,0,512,commute_or_under_not,96,1.4728167057037354,1.5085525512695312,0.06592701375484467,0.3917740285396576
4,low_diversity,0,512,demorgan_or,96,1.641850233078003,1.1735388040542603,0.13282997906208038,0.7793920636177063
4,low_diversity,0,512,demorgan_or_inverse,96,1.9527974128723145,1.2628360986709595,0.05866679176688194,0.8341267108917236
4,low_diversity,0,512,associate_and_right,96,0.4855060577392578,0.4963233172893524,0.5929594039916992,0.5349634289741516
4,low_diversity,0,512,associate_and_left,96,0.6554558873176575,0.6666510701179504,0.44993144273757935,0.5673827528953552
4,low_diversity,0,512,swap_and3_12,96,1.4823287725448608,1.6169664859771729,0.050111040472984314,0.09837495535612106
4,low_diversity,0,512,swap_and3_23,96,1.2281534671783447,1.6528620719909668,0.13099627196788788,0.2532055974006653
4,low_diversity,0,512,commute_and_in_context,96,0.7240360975265503,0.7478522658348083,0.41800153255462646,0.7080985903739929
4,low_diversity,0,512,commute_or_in_context,96,0.41459470987319946,0.44259586930274963,0.6547070145606995,0.7764504551887512
4,low_diversity,0,512,commute_xor_in_context,96,0.5805248618125916,0.5967997908592224,0.5284379124641418,0.716292679309845
4,low_diversity,0,512,distribute_and_over_or_left,96,2.125241994857788,1.077306866645813,0.08789421617984772,0.9591057896614075
4,low_diversity,0,512,distribute_and_over_or_right,96,2.0076022148132324,0.9819535613059998,0.1328974962234497,0.9522647857666016
4,low_diversity,0,512,parallel_commute_and,96,1.3298827409744263,1.3456350564956665,0.10921839624643326,0.6709602475166321
4,low_diversity,0,512,distribute_and_over_or_left_inverse,96,2.166059970855713,0.9190837144851685,0.11588406562805176,0.9751998782157898
4,low_diversity,0,512,ite_expand,96,1.8754291534423828,1.3569618463516235,0.061963386833667755,0.9426682591438293
4,low_diversity,0,512,ite_reduce,96,2.071744680404663,1.1463807821273804,0.09944891184568405,0.917250394821167
4,low_diversity,0,512,majority_duality,96,2.072502613067627,1.1062177419662476,0.08537489920854568,0.8963156342506409
4,low_diversity,0,512,majority_duality_inverse,96,1.9937747716903687,1.085879921913147,0.12633952498435974,0.9136913418769836
4,low_diversity,0,512,swap_exact1_12,96,1.3818587064743042,1.411946415901184,0.10073430091142654,0.9028571248054504
4,low_diversity,0,512,swap_exact1_23,96,0.8890746831893921,0.927513062953949,0.3104109466075897,0.9200809001922607
4,low_diversity,1,512,commute_and,96,1.2923774719238281,1.3056076765060425,0.13442975282669067,0.8814146518707275
4,low_diversity,1,512,double_negation_expand,96,2.674778699874878,1.1793855428695679,0.17907850444316864,0.9586856365203857
4,low_diversity,1,512,double_negation_reduce,96,2.1838278770446777,1.6196956634521484,0.02310800738632679,0.9729821085929871
4,low_diversity,1,512,commute_and_under_not,96,1.319653868675232,1.3918955326080322,0.16849446296691895,0.2023969143629074
4,low_diversity,1,512,demorgan_and,96,3.476020097732544,0.3848404586315155,0.042057015001773834,0.9705207943916321
4,low_diversity,1,512,commute_or,96,1.584763526916504,1.6488603353500366,0.06112119182944298,0.1016317680478096
4,low_diversity,1,512,demorgan_and_inverse,96,3.5656816959381104,0.31532302498817444,0.028563234955072403,0.9702095985412598
4,low_diversity,1,512,commute_or_under_not,96,1.3368715047836304,1.358473539352417,0.1486089527606964,0.28100356459617615
4,low_diversity,1,512,demorgan_or,96,2.524688720703125,0.8516340255737305,0.07599305361509323,0.9251127243041992
4,low_diversity,1,512,demorgan_or_inverse,96,2.638394594192505,0.9711990356445312,0.03019791468977928,0.9004361033439636
4,low_diversity,1,512,associate_and_right,96,0.5402362942695618,0.565258800983429,0.543773353099823,0.8684291839599609
4,low_diversity,1,512,associate_and_left,96,0.4543534815311432,0.4924319386482239,0.6122141480445862,0.9077237248420715
4,low_diversity,1,512,swap_and3_12,96,1.1118555068969727,1.2943358421325684,0.17515279352664948,0.14342957735061646
4,low_diversity,1,512,swap_and3_23,96,1.5052613019943237,1.558810830116272,0.04307563975453377,0.237565815448761
4,low_diversity,1,512,commute_and_in_context,96,0.9454385638237,0.9887052178382874,0.26231497526168823,0.825883686542511
4,low_diversity,1,512,commute_or_in_context,96,0.5152599811553955,0.56123286485672,0.5702411532402039,0.7912229895591736
4,low_diversity,1,512,commute_xor_in_context,96,0.5522148609161377,0.5843381881713867,0.5316557884216309,0.7343491911888123
4,low_diversity,1,512,distribute_and_over_or_left,96,1.5484063625335693,0.9681569933891296,0.22632130980491638,0.924734890460968
4,low_diversity,1,512,distribute_and_over_or_right,96,1.748895287513733,1.116064190864563,0.11237797886133194,0.9466263651847839
4,low_diversity,1,512,parallel_commute_and,96,1.2200583219528198,1.2749029397964478,0.16910842061042786,0.5906108021736145
4,low_diversity,1,512,distribute_and_over_or_left_inverse,96,1.735060453414917,1.1631395816802979,0.1073380559682846,0.8894206881523132
4,low_diversity,1,512,ite_expand,96,1.6173732280731201,1.351686954498291,0.09213617444038391,0.8997179865837097
4,low_diversity,1,512,ite_reduce,96,1.6415668725967407,1.490984559059143,0.11620289087295532,0.8604841232299805
4,low_diversity,1,512,majority_duality,96,2.2488505840301514,1.0858705043792725,0.05642273277044296,0.8062602877616882
4,low_diversity,1,512,majority_duality_inverse,96,2.54073429107666,1.1509493589401245,0.022970089688897133,0.8600413799285889
4,low_diversity,1,512,swap_exact1_12,96,1.0470362901687622,1.1063591241836548,0.25171518325805664,0.8773024082183838
4,low_diversity,1,512,swap_exact1_23,96,1.034429907798767,1.0759059190750122,0.2240726351737976,0.8766465187072754
4,low_diversity,2,512,commute_and,96,1.477933406829834,1.4797942638397217,0.07275453209877014,0.7881943583488464
4,low_diversity,2,512,double_negation_expand,96,2.501128673553467,1.5921441316604614,0.06792911142110825,0.9637318253517151
4,low_diversity,2,512,double_negation_reduce,96,2.274610996246338,1.6041052341461182,0.017765577882528305,0.9913709759712219
4,low_diversity,2,512,commute_and_under_not,96,1.933472752571106,1.939028024673462,0.01254415325820446,0.5824952721595764
4,low_diversity,2,512,demorgan_and,96,3.2614200115203857,0.5860562324523926,0.04188252240419388,0.976019561290741
4,low_diversity,2,512,commute_or,96,1.4326884746551514,1.7911609411239624,0.1376832127571106,0.1623849868774414
4,low_diversity,2,512,demorgan_and_inverse,96,3.1343536376953125,0.661685049533844,0.022654324769973755,0.9774846434593201
4,low_diversity,2,512,commute_or_under_not,96,1.4924715757369995,1.5883759260177612,0.11366189271211624,0.5669481158256531
4,low_diversity,2,512,demorgan_or,96,1.7700037956237793,1.6535285711288452,0.017270786687731743,0.7981793284416199
4,low_diversity,2,512,demorgan_or_inverse,96,1.4753777980804443,1.3257191181182861,0.10971660912036896,0.7147054076194763
4,low_diversity,2,512,associate_and_right,96,0.7556152939796448,0.7796564698219299,0.41411590576171875,0.6284224390983582
4,low_diversity,2,512,associate_and_left,96,0.7266263365745544,0.7487983107566833,0.40346282720565796,0.5468945503234863
4,low_diversity,2,512,swap_and3_12,96,1.179299235343933,1.256915807723999,0.16480320692062378,0.5932591557502747
4,low_diversity,2,512,swap_and3_23,96,1.5101845264434814,1.571632981300354,0.04957014322280884,0.6717330813407898
4,low_diversity,2,512,commute_and_in_context,96,1.112808346748352,1.1376432180404663,0.20705100893974304,0.8377596735954285
4,low_diversity,2,512,commute_or_in_context,96,0.8065359592437744,0.855758786201477,0.36102548241615295,0.8930790424346924
4,low_diversity,2,512,commute_xor_in_context,96,0.4740453064441681,0.4901005029678345,0.606747031211853,0.855290949344635
4,low_diversity,2,512,distribute_and_over_or_left,96,2.4180386066436768,1.0284079313278198,0.05835133418440819,0.9852175116539001
4,low_diversity,2,512,distribute_and_over_or_right,96,2.2178351879119873,0.996351957321167,0.09926163405179977,0.9825072288513184
4,low_diversity,2,512,parallel_commute_and,96,1.4457242488861084,1.423446536064148,0.11780526489019394,0.4987001121044159
4,low_diversity,2,512,distribute_and_over_or_left_inverse,96,2.4376935958862305,1.1108139753341675,0.03165439888834953,0.9788759350776672
4,low_diversity,2,512,ite_expand,96,2.2248880863189697,1.5696219205856323,0.005228180903941393,0.8884358406066895
4,low_diversity,2,512,ite_reduce,96,2.1933279037475586,1.5559176206588745,0.011083841323852539,0.7763471007347107
4,low_diversity,2,512,majority_duality,96,1.846191644668579,1.4116829633712769,0.05275006592273712,0.8133217692375183
4,low_diversity,2,512,majority_duality_inverse,96,1.5229582786560059,1.3501306772232056,0.09165334701538086,0.8867955207824707
4,low_diversity,2,512,swap_exact1_12,96,1.2883661985397339,1.339596152305603,0.12049349397420883,0.9616482853889465
4,low_diversity,2,512,swap_exact1_23,96,1.2036703824996948,1.2450586557388306,0.15610483288764954,0.9588114619255066
4,higher_diversity,0,12000,commute_and,96,1.2820428609848022,1.34249746799469,0.19858302175998688,0.766200065612793
4,higher_diversity,0,12000,double_negation_expand,96,1.942714810371399,1.2800207138061523,0.09367929399013519,0.8500292301177979
4,higher_diversity,0,12000,double_negation_reduce,96,2.058217763900757,1.3389527797698975,0.05289432406425476,0.8787062764167786
4,higher_diversity,0,12000,commute_and_under_not,96,0.8894733190536499,0.9692091345787048,0.4410439729690552,0.6163590550422668
4,higher_diversity,0,12000,demorgan_and,96,1.858660340309143,1.324602723121643,0.06371069699525833,0.6441156268119812
4,higher_diversity,0,12000,commute_or,96,1.4461532831192017,1.4917458295822144,0.09396084398031235,0.49616870284080505
4,higher_diversity,0,12000,demorgan_and_inverse,96,1.7244502305984497,1.133866310119629,0.16765524446964264,0.6360867619514465
4,higher_diversity,0,12000,commute_or_under_not,96,1.0086652040481567,1.082729697227478,0.35424065589904785,0.6827991604804993
4,higher_diversity,0,12000,demorgan_or,96,1.7194690704345703,1.195889949798584,0.10814470052719116,0.7846234440803528
4,higher_diversity,0,12000,demorgan_or_inverse,96,1.6345913410186768,1.1788246631622314,0.14308544993400574,0.7643551826477051
4,higher_diversity,0,12000,associate_and_right,96,0.687825620174408,0.7695602774620056,0.4406066834926605,0.6410178542137146
4,higher_diversity,0,12000,associate_and_left,96,0.5732695460319519,0.6419365406036377,0.518120527267456,0.7028026580810547
4,higher_diversity,0,12000,swap_and3_12,96,0.9767292737960815,1.0859358310699463,0.3428574204444885,0.5511114001274109
4,higher_diversity,0,12000,swap_and3_23,96,0.8187813758850098,0.9181126356124878,0.45243701338768005,0.637633204460144
4,higher_diversity,0,12000,commute_and_in_context,96,0.7611576318740845,0.8573797941207886,0.3978655934333801,0.7719817757606506
4,higher_diversity,0,12000,commute_or_in_context,96,0.5887239575386047,0.6656628847122192,0.5353747606277466,0.7724615931510925
4,higher_diversity,0,12000,commute_xor_in_context,96,0.3767335116863251,0.42693477869033813,0.7018093466758728,0.7708061337471008
4,higher_diversity,0,12000,distribute_and_over_or_left,96,1.3855149745941162,1.1107807159423828,0.24158582091331482,0.8642325401306152
4,higher_diversity,0,12000,distribute_and_over_or_right,96,1.5239620208740234,1.1974743604660034,0.16005980968475342,0.8525403141975403
4,higher_diversity,0,12000,parallel_commute_and,96,1.1466038227081299,1.2397993803024292,0.22220666706562042,0.7354333996772766
4,higher_diversity,0,12000,distribute_and_over_or_left_inverse,96,1.7483104467391968,1.2519513368606567,0.10154414176940918,0.8549140095710754
4,higher_diversity,0,12000,ite_expand,96,1.6411035060882568,1.4183979034423828,0.10492441058158875,0.8436554074287415
4,higher_diversity,0,12000,ite_reduce,96,1.7635018825531006,1.5253361463546753,0.07257790118455887,0.7864651083946228
4,higher_diversity,0,12000,majority_duality,96,1.6145604848861694,1.3226271867752075,0.1395590901374817,0.741843044757843
4,higher_diversity,0,12000,majority_duality_inverse,96,1.8289518356323242,1.367936134338379,0.06432755291461945,0.7457003593444824
4,higher_diversity,0,12000,swap_exact1_12,96,1.155089020729065,1.2662475109100342,0.1898196041584015,0.6904757022857666
4,higher_diversity,0,12000,swap_exact1_23,96,0.9451661705970764,1.090442180633545,0.2458641231060028,0.6866171956062317
4,higher_diversity,1,12000,commute_and,96,1.2055972814559937,1.3243225812911987,0.20263861119747162,0.7181024551391602
4,higher_diversity,1,12000,double_negation_expand,96,2.067244052886963,1.3675801753997803,0.05429287627339363,0.8326520919799805
4,higher_diversity,1,12000,double_negation_reduce,96,2.021178960800171,1.3533241748809814,0.07829710096120834,0.8476595282554626
4,higher_diversity,1,12000,commute_and_under_not,96,1.172220230102539,1.2326903343200684,0.21598687767982483,0.5853540301322937
4,higher_diversity,1,12000,demorgan_and,96,1.8628917932510376,1.0712748765945435,0.15809279680252075,0.5985671877861023
4,higher_diversity,1,12000,commute_or,96,1.2399773597717285,1.347701907157898,0.2193107008934021,0.31497707962989807
4,higher_diversity,1,12000,demorgan_and_inverse,96,1.869047999382019,1.140953779220581,0.12893418967723846,0.5791204571723938
4,higher_diversity,1,12000,commute_or_under_not,96,1.0637516975402832,1.1224784851074219,0.2986619770526886,0.5228123068809509
4,higher_diversity,1,12000,demorgan_or,96,1.7167450189590454,1.334162950515747,0.07874763011932373,0.5300228595733643
4,higher_diversity,1,12000,demorgan_or_inverse,96,1.5348693132400513,1.155962347984314,0.16811589896678925,0.5654760003089905
4,higher_diversity,1,12000,associate_and_right,96,0.744953453540802,0.815535306930542,0.35734823346138,0.5124710202217102
4,higher_diversity,1,12000,associate_and_left,96,0.42370250821113586,0.4680129289627075,0.670539915561676,0.6477198004722595
4,higher_diversity,1,12000,swap_and3_12,96,1.128736972808838,1.3481765985488892,0.3000066578388214,0.28581103682518005
4,higher_diversity,1,12000,swap_and3_23,96,0.7535004019737244,0.8345034718513489,0.4675428867340088,0.502593994140625
4,higher_diversity,1,12000,commute_and_in_context,96,0.6325676441192627,0.6880049705505371,0.5081789493560791,0.7765908241271973
4,higher_diversity,1,12000,commute_or_in_context,96,0.5318692326545715,0.6018173098564148,0.5593871474266052,0.7886430621147156
4,higher_diversity,1,12000,commute_xor_in_context,96,0.471698135137558,0.5210942029953003,0.6109573841094971,0.782468855381012
4,higher_diversity,1,12000,distribute_and_over_or_left,96,1.627821922302246,1.2235221862792969,0.11153078079223633,0.8426453471183777
4,higher_diversity,1,12000,distribute_and_over_or_right,96,1.3322182893753052,1.124659776687622,0.2044101506471634,0.8394978642463684
4,higher_diversity,1,12000,parallel_commute_and,96,1.1821842193603516,1.2515863180160522,0.17533425986766815,0.7403759956359863
4,higher_diversity,1,12000,distribute_and_over_or_left_inverse,96,1.5642895698547363,1.1177812814712524,0.18848541378974915,0.8631315231323242
4,higher_diversity,1,12000,ite_expand,96,1.8088723421096802,1.4810972213745117,0.07100419700145721,0.8841724991798401
4,higher_diversity,1,12000,ite_reduce,96,1.7652337551116943,1.3756831884384155,0.08086685836315155,0.8455986380577087
4,higher_diversity,1,12000,majority_duality,96,1.4940179586410522,1.3797471523284912,0.12221227586269379,0.6317424178123474
4,higher_diversity,1,12000,majority_duality_inverse,96,1.5494437217712402,1.344557762145996,0.1177685409784317,0.626599133014679
4,higher_diversity,1,12000,swap_exact1_12,96,1.214093565940857,1.2868218421936035,0.12611310184001923,0.5139846205711365
4,higher_diversity,1,12000,swap_exact1_23,96,1.016899824142456,1.1075371503829956,0.20551270246505737,0.5435059666633606
4,higher_diversity,2,12000,commute_and,96,1.0961809158325195,1.1890056133270264,0.2743678390979767,0.7714356780052185
4,higher_diversity,2,12000,double_negation_expand,96,2.3394577503204346,1.2344014644622803,0.11981717497110367,0.8640460968017578
4,higher_diversity,2,12000,double_negation_reduce,96,2.204941987991333,1.3346948623657227,0.060849934816360474,0.8701445460319519
4,higher_diversity,2,12000,commute_and_under_not,96,1.214533805847168,1.297241449356079,0.19201356172561646,0.6393944621086121
4,higher_diversity,2,12000,demorgan_and,96,1.7899874448776245,1.1673637628555298,0.11252998560667038,0.5920014977455139
4,higher_diversity,2,12000,commute_or,96,1.2734644412994385,1.3426403999328613,0.2565963566303253,0.3693969249725342
4,higher_diversity,2,12000,demorgan_and_inverse,96,1.7114399671554565,1.2857974767684937,0.128068745136261,0.6281630396842957
4,higher_diversity,2,12000,commute_or_under_not,96,1.035776138305664,1.0871728658676147,0.3190096616744995,0.7129432559013367
4,higher_diversity,2,12000,demorgan_or,96,1.6160343885421753,1.384831190109253,0.07271259278059006,0.7984654307365417
4,higher_diversity,2,12000,demorgan_or_inverse,96,1.4832782745361328,1.221329927444458,0.11715994030237198,0.7819070816040039
4,higher_diversity,2,12000,associate_and_right,96,0.5396896600723267,0.5989714860916138,0.551366925239563,0.6234105229377747
4,higher_diversity,2,12000,associate_and_left,96,0.5528364777565002,0.6068350076675415,0.4990846514701843,0.6752333641052246
4,higher_diversity,2,12000,swap_and3_12,96,1.103781819343567,1.2092151641845703,0.2092934250831604,0.4430369436740875
4,higher_diversity,2,12000,swap_and3_23,96,0.8835260272026062,1.0025177001953125,0.3384856879711151,0.5642487406730652
4,higher_diversity,2,12000,commute_and_in_context,96,0.5884613990783691,0.648454487323761,0.532936692237854,0.767363965511322
4,higher_diversity,2,12000,commute_or_in_context,96,0.7229763865470886,0.7750416398048401,0.4229682981967926,0.7852070927619934
4,higher_diversity,2,12000,commute_xor_in_context,96,0.5204222798347473,0.55673748254776,0.5336458086967468,0.7787510752677917
4,higher_diversity,2,12000,distribute_and_over_or_left,96,1.290804386138916,1.0332242250442505,0.26252245903015137,0.876274585723877
4,higher_diversity,2,12000,distribute_and_over_or_right,96,1.3897488117218018,1.0488812923431396,0.23359079658985138,0.8888961672782898
4,higher_diversity,2,12000,parallel_commute_and,96,0.9526919722557068,1.0078843832015991,0.3356805145740509,0.7938323616981506
4,higher_diversity,2,12000,distribute_and_over_or_left_inverse,96,1.3267046213150024,0.9250907897949219,0.3309631943702698,0.9027839303016663
4,higher_diversity,2,12000,ite_expand,96,1.6031582355499268,1.392820954322815,0.10890930891036987,0.8726115226745605
4,higher_diversity,2,12000,ite_reduce,96,1.825128197669983,1.4859167337417603,0.05643434822559357,0.7567827105522156
4,higher_diversity,2,12000,majority_duality,96,1.8107918500900269,1.4036608934402466,0.05626774579286575,0.7391601204872131
4,higher_diversity,2,12000,majority_duality_inverse,96,1.7807483673095703,1.4301650524139404,0.05841144546866417,0.7585476040840149
4,higher_diversity,2,12000,swap_exact1_12,96,1.1868854761123657,1.3033711910247803,0.12637899816036224,0.7706871628761292
4,higher_diversity,2,12000,swap_exact1_23,96,1.0996102094650269,1.2246339321136475,0.17509712278842926,0.7813942432403564
6,low_diversity,0,512,commute_and,96,1.2869226932525635,1.3012781143188477,0.1185322031378746,0.5821247100830078
6,low_diversity,0,512,double_negation_expand,96,2.1765174865722656,1.9155405759811401,0.03709849342703819,0.98445063829422
6,low_diversity,0,512,double_negation_reduce,96,1.6932897567749023,1.6225634813308716,0.03267141431570053,0.9980905055999756
6,low_diversity,0,512,commute_and_under_not,96,1.3490229845046997,1.3726575374603271,0.09124980121850967,0.2927412688732147
6,low_diversity,0,512,demorgan_and,96,3.094642162322998,0.5948969125747681,0.03784529119729996,0.9786036014556885
6,low_diversity,0,512,commute_or,96,1.1923006772994995,1.2471197843551636,0.1923874020576477,0.4125699996948242
6,low_diversity,0,512,demorgan_and_inverse,96,3.0896434783935547,0.6236636638641357,0.027728628367185593,0.9899985194206238
6,low_diversity,0,512,commute_or_under_not,96,1.1999388933181763,1.2327507734298706,0.15605397522449493,0.3610633909702301
6,low_diversity,0,512,demorgan_or,96,1.6383031606674194,1.1849123239517212,0.1351393610239029,0.7104885578155518
6,low_diversity,0,512,demorgan_or_inverse,96,1.6253507137298584,1.0574549436569214,0.18919625878334045,0.7625669836997986
6,low_diversity,0,512,associate_and_right,96,0.746239423751831,0.7604424953460693,0.34606558084487915,0.23574435710906982
6,low_diversity,0,512,associate_and_left,96,0.807830810546875,0.8364611864089966,0.30827414989471436,0.2294687032699585
6,low_diversity,0,512,swap_and3_12,96,0.5707113742828369,0.6959448456764221,0.6123777031898499,0.0338270403444767
6,low_diversity,0,512,swap_and3_23,96,1.663822889328003,1.6439781188964844,0.021848078817129135,0.14616554975509644
6,low_diversity,0,512,commute_and_in_context,96,0.6260054111480713,0.6531164050102234,0.47259610891342163,0.8636599183082581
6,low_diversity,0,512,commute_or_in_context,96,0.43667060136795044,0.456508994102478,0.6498751640319824,0.8739601969718933
6,low_diversity,0,512,commute_xor_in_context,96,0.6398423314094543,0.6637265682220459,0.47968339920043945,0.9010382294654846
6,low_diversity,0,512,distribute_and_over_or_left,96,1.963072657585144,1.1943260431289673,0.10078414529561996,0.8352357745170593
6,low_diversity,0,512,distribute_and_over_or_right,96,2.0077385902404785,1.0730575323104858,0.11764026433229446,0.8505743145942688
6,low_diversity,0,512,parallel_commute_and,96,1.1225740909576416,1.1402795314788818,0.1958921104669571,0.8929329514503479
6,low_diversity,0,512,distribute_and_over_or_left_inverse,96,2.1101133823394775,1.1061429977416992,0.07688894122838974,0.8846173286437988
6,low_diversity,0,512,ite_expand,96,1.4884384870529175,1.335117220878601,0.10774053633213043,0.9545512199401855
6,low_diversity,0,512,ite_reduce,96,1.786352276802063,1.3732998371124268,0.06685232371091843,0.9271380305290222
6,low_diversity,0,512,majority_duality,96,2.4365057945251465,0.907227635383606,0.07211832702159882,0.9518395066261292
6,low_diversity,0,512,majority_duality_inverse,96,2.6326544284820557,0.903903603553772,0.046555761247873306,0.9527754783630371
6,low_diversity,0,512,swap_exact1_12,96,1.1266478300094604,1.1514582633972168,0.19206304848194122,0.8970338702201843
6,low_diversity,0,512,swap_exact1_23,96,0.9583140015602112,1.0054837465286255,0.2693762481212616,0.9109387397766113
6,low_diversity,1,512,commute_and,96,1.310998558998108,1.3412224054336548,0.11040692031383514,0.858410656452179
6,low_diversity,1,512,double_negation_expand,96,2.5567495822906494,1.270386815071106,0.12883391976356506,0.9497897028923035
6,low_diversity,1,512,double_negation_reduce,96,2.1524016857147217,1.6621832847595215,0.02630358189344406,0.9807162284851074
6,low_diversity,1,512,commute_and_under_not,96,1.5432425737380981,1.6303163766860962,0.056350354105234146,0.15914274752140045
6,low_diversity,1,512,demorgan_and,96,3.423370599746704,0.3777838349342346,0.05605639889836311,0.9726741909980774
6,low_diversity,1,512,commute_or,96,1.2850042581558228,1.3492544889450073,0.1301494687795639,0.2313019037246704
6,low_diversity,1,512,demorgan_and_inverse,96,3.4212846755981445,0.4082322418689728,0.013707632198929787,0.9749162793159485
6,low_diversity,1,512,commute_or_under_not,96,1.4623626470565796,1.529815673828125,0.07089457660913467,0.25072360038757324
6,low_diversity,1,512,demorgan_or,96,2.338791847229004,0.9558323621749878,0.08214472234249115,0.906001627445221
6,low_diversity,1,512,demorgan_or_inverse,96,2.4981930255889893,1.0469902753829956,0.025053123012185097,0.8906448483467102
6,low_diversity,1,512,associate_and_right,96,0.5908856987953186,0.6147397756576538,0.5046420693397522,0.8511109948158264
6,low_diversity,1,512,associate_and_left,96,0.2817322611808777,0.2856021225452423,0.7806596755981445,0.8618721961975098
6,low_diversity,1,512,swap_and3_12,96,1.356835961341858,1.4814870357513428,0.07133001834154129,0.14440225064754486
6,low_diversity,1,512,swap_and3_23,96,1.3057204484939575,1.3935000896453857,0.0663946121931076,0.20586323738098145
6,low_diversity,1,512,commute_and_in_context,96,0.8879242539405823,0.9205543398857117,0.2814220190048218,0.8024042248725891
6,low_diversity,1,512,commute_or_in_context,96,0.45187485218048096,0.47669363021850586,0.6324697732925415,0.8047909140586853
6,low_diversity,1,512,commute_xor_in_context,96,0.41217097640037537,0.4284488260746002,0.6692556738853455,0.7255204319953918
6,low_diversity,1,512,distribute_and_over_or_left,96,1.5655241012573242,1.113934874534607,0.15942557156085968,0.9363753795623779
6,low_diversity,1,512,distribute_and_over_or_right,96,1.6653345823287964,1.171396017074585,0.10895397514104843,0.9535905718803406
6,low_diversity,1,512,parallel_commute_and,96,1.0856547355651855,1.1266608238220215,0.19350099563598633,0.7179126739501953
6,low_diversity,1,512,distribute_and_over_or_left_inverse,96,1.5353426933288574,1.0179078578948975,0.189544215798378,0.928837239742279
6,low_diversity,1,512,ite_expand,96,1.5074560642242432,1.3247506618499756,0.0973975658416748,0.948176383972168
6,low_diversity,1,512,ite_reduce,96,1.3622995615005493,1.3438265323638916,0.15297748148441315,0.9070954918861389
6,low_diversity,1,512,majority_duality,96,2.349813222885132,1.0306458473205566,0.06462913751602173,0.8422632217407227
6,low_diversity,1,512,majority_duality_inverse,96,2.3921797275543213,1.1476234197616577,0.03916449472308159,0.883288562297821
6,low_diversity,1,512,swap_exact1_12,96,0.9420574903488159,1.0243345499038696,0.312418133020401,0.8945460319519043
6,low_diversity,1,512,swap_exact1_23,96,1.1094318628311157,1.1609524488449097,0.17507719993591309,0.8913499712944031
6,low_diversity,2,512,commute_and,96,1.159131646156311,1.1897653341293335,0.1835995465517044,0.8022705912590027
6,low_diversity,2,512,double_negation_expand,96,2.2146384716033936,1.5996708869934082,0.028530342504382133,0.9874732494354248
6,low_diversity,2,512,double_negation_reduce,96,2.212432384490967,1.613412857055664,0.018655497580766678,0.9906628727912903
6,low_diversity,2,512,commute_and_under_not,96,1.930348515510559,1.9471526145935059,0.02247498370707035,0.37777987122535706
6,low_diversity,2,512,demorgan_and,96,3.4027867317199707,0.4431630074977875,0.10086245089769363,0.9840194582939148
6,low_diversity,2,512,commute_or,96,1.562258005142212,1.558056116104126,0.06741884350776672,0.10465467721223831
6,low_diversity,2,512,demorgan_and_inverse,96,3.372133731842041,0.4441741108894348,0.03465491905808449,0.9914680123329163
6,low_diversity,2,512,commute_or_under_not,96,1.3235936164855957,1.3660715818405151,0.12485838681459427,0.4503665864467621
6,low_diversity,2,512,demorgan_or,96,1.9045941829681396,1.492308497428894,0.020846113562583923,0.8732038140296936
6,low_diversity,2,512,demorgan_or_inverse,96,1.9255547523498535,1.43026602268219,0.028385791927576065,0.8969243168830872
6,low_diversity,2,512,associate_and_right,96,0.6264574527740479,0.650363028049469,0.4852559268474579,0.6610705256462097
6,low_diversity,2,512,associate_and_left,96,0.8373009562492371,0.8545836210250854,0.31008094549179077,0.6536245942115784
6,low_diversity,2,512,swap_and3_12,96,1.0117460489273071,1.0747978687286377,0.24676302075386047,0.46580198407173157
6,low_diversity,2,512,swap_and3_23,96,1.4459930658340454,1.518160104751587,0.059083305299282074,0.5387864112854004
6,low_diversity,2,512,commute_and_in_context,96,0.957481324672699,0.9919341802597046,0.2574898898601532,0.8309063911437988
6,low_diversity,2,512,commute_or_in_context,96,0.783623218536377,0.8480221033096313,0.35741057991981506,0.874378502368927
6,low_diversity,2,512,commute_xor_in_context,96,0.4724186360836029,0.4941886067390442,0.6220436692237854,0.8182799220085144
6,low_diversity,2,512,distribute_and_over_or_left,96,2.2718327045440674,1.0218124389648438,0.08239255845546722,0.981251060962677
6,low_diversity,2,512,distribute_and_over_or_right,96,1.9823745489120483,1.052445650100708,0.10925281792879105,0.9763070940971375
6,low_diversity,2,512,parallel_commute_and,96,1.0112223625183105,1.0135135650634766,0.30496981739997864,0.5444242358207703
6,low_diversity,2,512,distribute_and_over_or_left_inverse,96,2.5480425357818604,1.0682927370071411,0.029138226062059402,0.9713077545166016
6,low_diversity,2,512,ite_expand,96,2.285325527191162,1.3617793321609497,0.015497026965022087,0.9204890131950378
6,low_diversity,2,512,ite_reduce,96,2.308652877807617,1.595078706741333,0.007169326301664114,0.8737764358520508
6,low_diversity,2,512,majority_duality,96,1.9615181684494019,1.2732605934143066,0.06255566328763962,0.8382824063301086
6,low_diversity,2,512,majority_duality_inverse,96,1.7190021276474,1.438339352607727,0.0589580312371254,0.8950862884521484
6,low_diversity,2,512,swap_exact1_12,96,1.1417416334152222,1.1842467784881592,0.17476409673690796,0.9753009676933289
6,low_diversity,2,512,swap_exact1_23,96,1.1893532276153564,1.2370954751968384,0.15589481592178345,0.9451959729194641
6,higher_diversity,0,12000,commute_and,96,0.9427821636199951,1.0158528089523315,0.40779706835746765,0.7535417079925537
6,higher_diversity,0,12000,double_negation_expand,96,2.061643123626709,1.1864091157913208,0.09663227945566177,0.7954890727996826
6,higher_diversity,0,12000,double_negation_reduce,96,2.1184959411621094,1.199979305267334,0.07663895189762115,0.8127211928367615
6,higher_diversity,0,12000,commute_and_under_not,96,1.0491652488708496,1.116309404373169,0.26479464769363403,0.6396496891975403
6,higher_diversity,0,12000,demorgan_and,96,1.73729407787323,1.1063653230667114,0.13991917669773102,0.6459909081459045
6,higher_diversity,0,12000,commute_or,96,1.1769678592681885,1.2891547679901123,0.2295754849910736,0.43024325370788574
6,higher_diversity,0,12000,demorgan_and_inverse,96,1.8802802562713623,1.0175861120224,0.13937422633171082,0.6884081959724426
6,higher_diversity,0,12000,commute_or_under_not,96,0.7485914826393127,0.8158321380615234,0.5563593506813049,0.6665254235267639
6,higher_diversity,0,12000,demorgan_or,96,1.5886924266815186,1.055670976638794,0.18735380470752716,0.7256324887275696
6,higher_diversity,0,12000,demorgan_or_inverse,96,1.5171287059783936,0.9894821643829346,0.2334001362323761,0.7413315176963806
6,higher_diversity,0,12000,associate_and_right,96,0.544094979763031,0.6075493097305298,0.5549471378326416,0.6190796494483948
6,higher_diversity,0,12000,associate_and_left,96,0.36114561557769775,0.4196762442588806,0.7136427164077759,0.6583541035652161
6,higher_diversity,0,12000,swap_and3_12,96,0.731930673122406,0.9337021708488464,0.5368524789810181,0.4585578441619873
6,higher_diversity,0,12000,swap_and3_23,96,0.7022287845611572,0.8132551908493042,0.5105136036872864,0.5148620009422302
6,higher_diversity,0,12000,commute_and_in_context,96,0.6551302075386047,0.7202743291854858,0.4601418077945709,0.6956539154052734
6,higher_diversity,0,12000,commute_or_in_context,96,0.4735942780971527,0.5520788431167603,0.6124784350395203,0.6773819923400879
6,higher_diversity,0,12000,commute_xor_in_context,96,0.29327288269996643,0.3355286419391632,0.7401610016822815,0.6599514484405518
6,higher_diversity,0,12000,distribute_and_over_or_left,96,1.2579095363616943,0.9335744976997375,0.36099037528038025,0.8432796597480774
6,higher_diversity,0,12000,distribute_and_over_or_right,96,1.4481927156448364,1.101470708847046,0.1912958323955536,0.8180597424507141
6,higher_diversity,0,12000,parallel_commute_and,96,0.976270318031311,1.0554137229919434,0.3165724575519562,0.7796976566314697
6,higher_diversity,0,12000,distribute_and_over_or_left_inverse,96,1.2140570878982544,0.8906654715538025,0.40152549743652344,0.8511085510253906
6,higher_diversity,0,12000,ite_expand,96,1.6875848770141602,1.279405951499939,0.14468637108802795,0.8776764869689941
6,higher_diversity,0,12000,ite_reduce,96,1.7606440782546997,1.328583836555481,0.08169866353273392,0.8592001795768738
6,higher_diversity,0,12000,majority_duality,96,1.503646969795227,0.961441695690155,0.2822543978691101,0.7577369809150696
6,higher_diversity,0,12000,majority_duality_inverse,96,1.6206578016281128,1.0392831563949585,0.19609293341636658,0.7493857741355896
6,higher_diversity,0,12000,swap_exact1_12,96,0.9386410713195801,1.059193730354309,0.2865315079689026,0.7270031571388245
6,higher_diversity,0,12000,swap_exact1_23,96,0.7541844248771667,0.8783895373344421,0.37419095635414124,0.7214910387992859
6,higher_diversity,1,12000,commute_and,96,1.1309086084365845,1.2461868524551392,0.24843119084835052,0.6619065403938293
6,higher_diversity,1,12000,double_negation_expand,96,1.9902620315551758,1.2738604545593262,0.08247240632772446,0.8327734470367432
6,higher_diversity,1,12000,double_negation_reduce,96,2.1049575805664062,1.2933889627456665,0.08932211995124817,0.8307631015777588
6,higher_diversity,1,12000,commute_and_under_not,96,1.081542730331421,1.1439789533615112,0.2597878575325012,0.517740786075592
6,higher_diversity,1,12000,demorgan_and,96,2.0050346851348877,1.1058000326156616,0.09888230264186859,0.5077998042106628
6,higher_diversity,1,12000,commute_or,96,1.2753146886825562,1.3963441848754883,0.16361255943775177,0.24883680045604706
6,higher_diversity,1,12000,demorgan_and_inverse,96,2.028487205505371,1.1445419788360596,0.09838633984327316,0.5081887245178223
6,higher_diversity,1,12000,commute_or_under_not,96,0.9962058663368225,1.0487431287765503,0.31125953793525696,0.5415945053100586
6,higher_diversity,1,12000,demorgan_or,96,1.9755926132202148,1.3024741411209106,0.03786509856581688,0.653944730758667
6,higher_diversity,1,12000,demorgan_or_inverse,96,1.8455934524536133,1.1185739040374756,0.08481428027153015,0.6495828032493591
6,higher_diversity,1,12000,associate_and_right,96,0.7039942741394043,0.7764266729354858,0.4139952063560486,0.4387514591217041
6,higher_diversity,1,12000,associate_and_left,96,0.6202104091644287,0.6500617265701294,0.5392327308654785,0.5101513266563416
6,higher_diversity,1,12000,swap_and3_12,96,1.0881366729736328,1.2521929740905762,0.2489529401063919,0.29338255524635315
6,higher_diversity,1,12000,swap_and3_23,96,0.5869258642196655,0.6893222332000732,0.6556880474090576,0.41450080275535583
6,higher_diversity,1,12000,commute_and_in_context,96,0.7481831312179565,0.8136577010154724,0.3734223544597626,0.5137144327163696
6,higher_diversity,1,12000,commute_or_in_context,96,0.620320737361908,0.6966172456741333,0.4422833323478699,0.5883530378341675
6,higher_diversity,1,12000,commute_xor_in_context,96,0.4931776225566864,0.5479616522789001,0.5428321957588196,0.5674176812171936
6,higher_diversity,1,12000,distribute_and_over_or_left,96,1.1455965042114258,0.891674816608429,0.3882150948047638,0.7904632687568665
6,higher_diversity,1,12000,distribute_and_over_or_right,96,1.337952733039856,1.1056149005889893,0.1873016059398651,0.7938132286071777
6,higher_diversity,1,12000,parallel_commute_and,96,1.0767425298690796,1.173577904701233,0.2093615084886551,0.7441185116767883
6,higher_diversity,1,12000,distribute_and_over_or_left_inverse,96,1.342528223991394,1.0328664779663086,0.25790736079216003,0.8030015826225281
6,higher_diversity,1,12000,ite_expand,96,1.8660978078842163,1.4385253190994263,0.07223737239837646,0.8789160847663879
6,higher_diversity,1,12000,ite_reduce,96,1.729435920715332,1.3165889978408813,0.1017792746424675,0.8609514832496643
6,higher_diversity,1,12000,majority_duality,96,1.630624771118164,1.2669453620910645,0.11414582282304764,0.6684587597846985
6,higher_diversity,1,12000,majority_duality_inverse,96,1.8807499408721924,1.3494840860366821,0.05112436041235924,0.6742973923683167
6,higher_diversity,1,12000,swap_exact1_12,96,1.2204042673110962,1.3137365579605103,0.1250503957271576,0.6028624176979065
6,higher_diversity,1,12000,swap_exact1_23,96,0.8132551908493042,0.9238249659538269,0.34263306856155396,0.5501435399055481
6,higher_diversity,2,12000,commute_and,96,1.1627998352050781,1.2756414413452148,0.20024561882019043,0.7925764918327332
6,higher_diversity,2,12000,double_negation_expand,96,1.820042371749878,1.1764590740203857,0.15171778202056885,0.8437181115150452
6,higher_diversity,2,12000,double_negation_reduce,96,2.1215569972991943,1.250274419784546,0.0705634206533432,0.8423712253570557
6,higher_diversity,2,12000,commute_and_under_not,96,0.8172625303268433,0.8877347707748413,0.5276994705200195,0.6302362680435181
6,higher_diversity,2,12000,demorgan_and,96,1.3673830032348633,0.941944420337677,0.31932970881462097,0.6206184029579163
6,higher_diversity,2,12000,commute_or,96,1.4157421588897705,1.4827361106872559,0.090279221534729,0.5173600316047668
6,higher_diversity,2,12000,demorgan_and_inverse,96,1.4568816423416138,1.0123200416564941,0.22144949436187744,0.6690168380737305
6,higher_diversity,2,12000,commute_or_under_not,96,0.7435722351074219,0.7960545420646667,0.5540915727615356,0.6632362604141235
6,higher_diversity,2,12000,demorgan_or,96,1.250143051147461,0.9387356042861938,0.3132723867893219,0.7242506146430969
6,higher_diversity,2,12000,demorgan_or_inverse,96,1.3017516136169434,0.9866982698440552,0.2722008228302002,0.7040058970451355
6,higher_diversity,2,12000,associate_and_right,96,0.487839937210083,0.5314895510673523,0.6463205218315125,0.6809653639793396
6,higher_diversity,2,12000,associate_and_left,96,0.36955246329307556,0.4217996597290039,0.6975129246711731,0.7179566025733948
6,higher_diversity,2,12000,swap_and3_12,96,1.0520776510238647,1.1701269149780273,0.2814320921897888,0.4104209840297699
6,higher_diversity,2,12000,swap_and3_23,96,0.6269840598106384,0.7416282296180725,0.5935676693916321,0.47080230712890625
6,higher_diversity,2,12000,commute_and_in_context,96,0.6933013200759888,0.7579137682914734,0.40168991684913635,0.7360091209411621
6,higher_diversity,2,12000,commute_or_in_context,96,0.5603137016296387,0.6156193614006042,0.5365996360778809,0.75022292137146
6,higher_diversity,2,12000,commute_xor_in_context,96,0.4421629309654236,0.4850405156612396,0.6153239607810974,0.7409879565238953
6,higher_diversity,2,12000,distribute_and_over_or_left,96,1.1042252779006958,0.9997633695602417,0.31270867586135864,0.8680749535560608
6,higher_diversity,2,12000,distribute_and_over_or_right,96,1.1096694469451904,0.9665164947509766,0.35518425703048706,0.8550962805747986
6,higher_diversity,2,12000,parallel_commute_and,96,0.9249394536018372,0.984184980392456,0.35945093631744385,0.8175225257873535
6,higher_diversity,2,12000,distribute_and_over_or_left_inverse,96,1.303530216217041,1.0655837059020996,0.25402259826660156,0.8840225338935852
6,higher_diversity,2,12000,ite_expand,96,1.4762482643127441,1.1746591329574585,0.23168161511421204,0.8961910605430603
6,higher_diversity,2,12000,ite_reduce,96,1.7207528352737427,1.376870036125183,0.10116899758577347,0.8726887702941895
6,higher_diversity,2,12000,majority_duality,96,1.5275169610977173,1.1178779602050781,0.17877379059791565,0.7278640270233154
6,higher_diversity,2,12000,majority_duality_inverse,96,1.6139601469039917,1.2233943939208984,0.12761937081813812,0.729666531085968
6,higher_diversity,2,12000,swap_exact1_12,96,1.0402473211288452,1.1390223503112793,0.2055235654115677,0.6432846188545227
6,higher_diversity,2,12000,swap_exact1_23,96,0.8980349898338318,1.0383371114730835,0.282988965511322,0.6719074845314026
